Type,Activity,status
Application,7-zip,Productive
Application,aad token broker plugin,Productive
Application,accessibility on-screen keyboard,Productive
Application,acroservicesupdater2_x64,Productive
Application,acrotray - adobe acrobat distiller helper application.,Productive
Application,adobe acrobat,Productive
Application,adobe acrobat dc,Productive
Application,adobe acrobat reader,Productive
Application,adobe acrobat reader dc,Productive
Application,adobe application manager,Productive
Application,adobe download manager,Productive
Application,adobe licensing wf,Productive
Application,adobe reader and acrobat manager,Productive
Application,advanced system settings,Productive
Application,advanced user accounts control panel,Productive
Application,amd software,Productive
Application,amd software adrenalin edition,Productive
Application,antigravity,Neutral
Application,anydesk,Productive
Application,apowerpdf,Productive
Application,apowersoft installer,Productive
Application,apowersoft.comm.activepush,Productive
Application,apple software update,Unproductive
Application,application frame host,Productive
Application,asus keyboard host,Neutral
Application,asus myasus,Productive
Application,asus on-screen display,Productive
Application,asus optimization startup task,Productive
Application,asus screenxpert reunion,Productive
Application,asus screenxpert ui,Productive
Application,balenaetcher,Unproductive
Application,bgaupsell,Unproductive
Application,bo,Productive
Application,bootstrapper small,Productive
Application,calculator,Productive
Application,canon ij driver installer,Productive
Application,canon ij driver uninstaller,Productive
Application,canon quick menu,Productive
Application,catalyst control center,Productive
Application,change computer settings,Productive
Application,change printing settings,Productive
Application,chromedriver,Productive
Application,chromium,Productive
Application,clipchamp,Productive
Application,cloud notifications,Productive
Application,com surrogate,Productive
Application,console window host,Productive
Application,copilot,Productive
Application,copilotnative,Productive
Application,copyutil,Productive
Application,copywhiz,Productive
Application,corsair icue installer,Unproductive
Application,cortana,Productive
Application,cortanaapp.view,Productive
Application,create_folder_for_files,Productive
Application,credential manager ui host,Productive
Application,dbeaver,Productive
Application,dbeaver community,Productive
Application,developer_tool,Productive
Application,device properties,Productive
Application,diagnostics troubleshooting wizard,Productive
Application,disk space cleanup manager for windows,Productive
Application,diskpart,Productive
Application,ease of access dialog host,Productive
Application,ease of access dialogue host,Productive
Application,easy printer manager,Productive
Application,easy-webprint ex,Productive
Application,emp_psa_service,Productive
Application,empmonitor,Productive
Application,extensible wizards host process,Productive
Application,fetch_filezilla_files,Productive
Application,file history,Productive
Application,file picker ui host,Productive
Application,filezilla,Productive
Application,firefox,Productive
Application,flash,Unproductive
Application,folder_opener,Productive
Application,folder_opener_danita,Productive
Application,folder_opener_lizelle,Productive
Application,folder_opener_nicole,Productive
Application,ftp utility,Productive
Application,game bar,Productive
Application,gathers encoded secureboot uefi telemetry,Productive
Application,gethelp,Productive
Application,git,Productive
Application,git-credential-manager,Productive
Application,github.ui,Productive
Application,glidex,Productive
Application,glidex installer,Productive
Application,glidex toast,Productive
Application,google chrome,Productive
Application,google drive,Neutral
Application,hilookvision,Productive
Application,hisuite,Unproductive
Application,hisuite_11.0.0.650_ove,Unproductive
Application,host process for windows services,Productive
Application,host process for windows tasks,Productive
Application,hp-securitydashboard,Productive
Application,hpupdate,Productive
Application,huawei-hisuite-11.0.0.610-installer,Unproductive
Application,icloud,Unproductive
Application,icloud for windows,Productive
Application,icue,Productive
Application,ijplminst,Productive
Application,ijplmui,Productive
Application,ilovepdf,Productive
Application,inno_updater,Productive
Application,installdriver module,Productive
Application,intel(r) common user interface,Productive
Application,internet explorer,Productive
Application,ip configuration utility,Productive
Application,itunes,Unproductive
Application,kminstaller,Productive
Application,kms gui eldi,Productive
Application,kmsmb application,Productive
Application,kmspico (2021) 11.2.4,Productive
Application,konica minolta v4printerextension,Productive
Application,ksnip,Productive
Application,kutools for excel,Productive
Application,kyocera document solutions inc.,Productive
Application,kyocera printing system,Productive
Application,kyocerapc,Unproductive
Application,licensing ui,Unproductive
Application,location notification,Productive
Application,lockapp,Productive
Application,lockapphost,Productive
Application,macrium reflect,Productive
Application,macrium reflect installer,Productive
Application,maintenancetool,Unproductive
Application,malwarebytes,Productive
Application,malwarebytes tray application,Productive
Application,master setup,Productive
Application,master setup launcher,Productive
Application,mcafee security scan plus,Productive
Application,mcafee securitycenter,Productive
Application,mcafee ui container,Productive
Application,mcafee webadvisor,Productive
Application,microsoft  windows fax and scan,Productive
Application,microsoft (r) contacts import tool,Productive
Application,microsoft .net framework 4.8,Productive
Application,microsoft .net framework 4.8.1,Productive
Application,microsoft .net sdk 7.0.302 (x64),Productive
Application,microsoft 365,Productive
Application,microsoft 365 (office),Productive
Application,microsoft 365 and office,Productive
Application,microsoft 365 copilot,Productive
Application,microsoft calculator,Productive
Application,microsoft directx diagnostic tool,Productive
Application,microsoft edge,Productive
Application,microsoft edge webview2,Productive
Application,microsoft help and support,Productive
Application,microsoft management console,Productive
Application,microsoft mouse and keyboard center,Productive
Application,microsoft office,Productive
Application,microsoft onedrive,Productive
Application,microsoft onenote,Productive
Application,microsoft outlook,Productive
Application,microsoft phone link,Productive
Application,microsoft photos,Productive
Application,microsoft screen magnifier,Productive
Application,microsoft skype,Productive
Application,microsoft sql server,Productive
Application,microsoft sql server management studio - 18.9.1,Productive
Application,microsoft stickynotes,Productive
Application,microsoft sync center,Productive
Application,microsoft teams,Productive
Application,microsoft teams (personal),Productive
Application,microsoft teams update,Productive
Application,microsoft visual c++ 2010  x86 redistributable,Productive
Application,microsoft visual c++ 2015-2019 redistributable (x86) - 14.28.29914,Unproductive
Application,microsoft visual c++ 2015-2022 redistributable (x64) - 14.36.32532,Productive
Application,microsoft visual c++ 2015-2022 redistributable (x64) - 14.44.35211,Productive
Application,microsoft visual c++ 2015-2022 redistributable (x86) - 14.36.32532,Productive
Application,microsoft visual c++ 2017 redistributable (x64) - 14.13.26020,Productive
Application,microsoft visual c++ 2017 redistributable (x86) - 14.13.26020,Productive
Application,microsoft visual studio buildtools,Productive
Application,microsoft visual studio community,Productive
Application,microsoft windows media configuration utility,Productive
Application,microsoft wwa host,Productive
Application,microsoft ® windows script host,Neutral
Application,microsoft(c) register server,Productive
Application,microsoft.mediaplayer,Productive
Application,microsoft.photos,Productive
Application,microsoftsecurityapp,Productive
Application,microsoft® .net framework,Productive
Application,microsoft® .net framework repair tool,Productive
Application,microsoft® drive optimizer,Productive
Application,microsoft® visual studio®,Productive
Application,microsoft® windows system restore,Productive
Application,mobarte,Unproductive
Application,move_subfolder_to_another_folder,Productive
Application,msi center,Productive
Application,mspaint,Productive
Application,music.ui,Unproductive
Application,musnotificationux,Unproductive
Application,nahimic3,Neutral
Application,network command shell,Productive
Application,nicepage,Productive
Application,notepad,Productive
Application,notifications host process,Productive
Application,nvidia control panel,Productive
Application,nvidia notification,Productive
Application,nwjs,Unproductive
Application,office,Productive
Application,omapsvcbroker,Productive
Application,onedc_updater,Productive
Application,openconsole,Productive
Application,openjdk platform 11,Productive
Application,outlook,Productive
Application,paint,Productive
Application,paintstudio.view,Unproductive
Application,pchealthcheck,Productive
Application,pdfsam,Productive
Application,pdfsam basic installer,Productive
Application,pdfsam enhanced 6,Productive
Application,pdfsam enhanced 6 installer,Productive
Application,pdfsam enhanced 7,Productive
Application,pdfsam enhanced 7 installer,Productive
Application,photos,Productive
Application,photosapp,Productive
Application,pick an app,Productive
Application,pick an application,Productive
Application,pilotshubapp,Productive
Application,postgresql,Productive
Application,powertoys,Productive
Application,powertoys (preview) x64,Productive
Application,preview handler surrogate host,Productive
Application,print driver host for applications,Productive
Application,printer installer,Productive
Application,python,Productive
Application,python 3.10.11 (64-bit),Productive
Application,python 3.11.3 (64-bit),Productive
Application,python 3.12.10 (64-bit),Productive
Application,python 3.12.6 (64-bit),Productive
Application,python 3.12.8 (64-bit),Neutral
Application,python 3.13.4 (64-bit),Productive
Application,quattrocom,Productive
Application,quick assist,Productive
Application,radeon settings,Productive
Application,radeon software,Productive
Application,razer central,Unproductive
Application,razer installer,Unproductive
Application,razer synapse 3,Unproductive
Application,razer synapse service process,Unproductive
Application,razerinstaller,Unproductive
Application,realtek audio console,Productive
Application,reflect updater,Productive
Application,registry editor,Productive
Application,remote desktop connection,Productive
Application,resetuefivariable,Productive
Application,resource and performance monitor,Productive
Application,reusable ux interaction manager,Productive
Application,rufus,Productive
Application,runtime broker,Productive
Application,rustdesk,Productive
Application,samsung dex easysetup,Productive
Application,screenclippinghost,Productive
Application,screensketch,Productive
Application,search and cortana application,Productive
Application,search application,Productive
Application,searchhost,Productive
Application,secure boot uefi encoder,Productive
Application,settings,Productive
Application,setup factory runtime,Unproductive
Application,setup/uninstall,Productive
Application,setup_4,Productive
Application,shell infrastructure host,Productive
Application,shellhost,Productive
Application,skype,Productive
Application,smartscreensettings,Productive
Application,snipping tool,Productive
Application,snippingtool,Productive
Application,softonic international sa,Productive
Application,softònic international sà,Unproductive
Application,split_pdf_gui,Productive
Application,starthtm,Productive
Application,startmenuexperiencehost,Productive
Application,status monitor,Productive
Application,steam,Unproductive
Application,steam client webhelper,Unproductive
Application,store installer,Productive
Application,sure click,Productive
Application,system configuration utility,Productive
Application,system information,Productive
Application,system protection settings,Productive
Application,system remote settings,Productive
Application,task manager,Productive
Application,teamviewer,Productive
Application,teamviewer full,Neutral
Application,teamviewer installer,Productive
Application,tk 8.6 for windows,Productive
Application,to do,Productive
Application,todo,Productive
Application,tvupdateinfo,Productive
Application,uninst,Unproductive
Application,universal printer driver [installer (x64)],Productive
Application,update,Productive
Application,user account control panel host,Productive
Application,useraccountcontrolsettings,Productive
Application,utorrent web,Productive
Application,video.ui,Productive
Application,videopad,Productive
Application,visual patch runtime,Productive
Application,visual studio,Productive
Application,visual studio code,Productive
Application,vlc media player,Unproductive
Application,vlc-3.0.18-win64,Productive
Application,voice access,Productive
Application,volume mixer,Productive
Application,webexperiencehostapp,Productive
Application,whatsapp,Unproductive
Application,whatsapp.root,Neutral
Application,whatsnew.store,Unproductive
Application,widgets,Productive
Application,win-mx490-1_1-mcd,Productive
Application,windows 10 update assistant,Productive
Application,windows activation,Productive
Application,windows camera,Productive
Application,windows command processor,Productive
Application,windows defender application,Productive
Application,windows defender notification icon,Productive
Application,windows defender user interface,Productive
Application,windows error reporting,Productive
Application,windows explorer,Productive
Application,windows features,Productive
Application,windows features on demand ux,Productive
Application,windows host process (rundll32),Productive
Application,windows installer - unicode,Productive
Application,windows logon reminder,Productive
Application,windows manager,Productive
Application,windows media player,Productive
Application,windows powershell,Productive
Application,windows problem reporting,Productive
Application,windows security notification icon,Productive
Application,windows shell experience host,Productive
Application,windows start experience host,Productive
Application,windows store,Productive
Application,windows terminal,Productive
Application,windowsbackupclient,Productive
Application,windowsterminal,Unproductive
Application,winrar,Productive
Application,winstore.app,Neutral
Application,winzip,Productive
Application,winzip previewer,Productive
Application,winzip update notifier,Productive
Application,winzipstub,Productive
Application,wkhtmltox,Productive
Application,xreflect,Productive
Application,zerotier one,Productive
Application,zerotier_desktop_ui,Productive
Application,zoom,Productive
Application,zoom installer,Productive
Application,zoom meetings installer,Productive
Application,zoom opener,Productive
Application,µtorrent web,Productive
Application,µtorrent web®,Productive
Application,љӥ䕆堲,Unproductive
Application,ᰉұ䕆堲,Unproductive
Website,0.0.5.213,Productive
Website,10.0.0.101,Productive
Website,10.0.0.119,Productive
Website,10.0.0.136,Productive
Website,10.72.52.254,Productive
Website,101planners.com,Unproductive
Website,123rf.com,Unproductive
Website,127.0.0.1,Productive
Website,156.155.84.160,Productive
Website,169.254.5.54,Productive
Website,1775148712.rsc.cdn77.org,Unproductive
Website,1848095.fs1.hubspotusercontent-na1.net,Productive
Website,192.168.0.1,Productive
Website,192.168.0.101,Productive
Website,192.168.0.200,Productive
Website,192.168.1.1,Productive
Website,192.168.1.55,Productive
Website,192.168.15.1,Productive
Website,192.168.18.1,Productive
Website,192.168.3.1,Productive
Website,198.165.1.1,Productive
Website,1drv.ms,Productive
Website,1track.africa,Productive
Website,24holdings.co.za,Productive
Website,30seconds.ie,Unproductive
Website,3d.dpopayments.io,Unproductive
Website,3dsbrowser.capitecbank.co.za,Unproductive
Website,3gme619i4r.s3.us-south.objectstorage.softlayer.net,Productive
Website,4winkey.com,Productive
Website,50reefs.org,Unproductive
Website,5fm.co.za,Unproductive
Website,a.msn.com,Productive
Website,a.tapto.com,Unproductive
Website,a50cb63bf097a378ad2a10af5af8e464-za.tralti.com,Unproductive
Website,aa.co.za,Unproductive
Website,aans.org,Unproductive
Website,abcdpdf.com,Productive
Website,abemidas.co.za,Unproductive
Website,ablink.message.noom.com,Unproductive
Website,absa.co.za,Unproductive
Website,absa.login-za.mimecast.com,Unproductive
Website,absolutelylife.co.za,Productive
Website,academicguides.waldenu.edu,Unproductive
Website,academy.binance.com,Unproductive
Website,access-programmers.co.uk,Productive
Website,account.appen.com,Unproductive
Website,account.apple.com,Neutral
Website,account.asus.com,Productive
Website,account.live.com,Productive
Website,account.microsoft.com,Productive
Website,account.samsung.com,Unproductive
Website,account.teamviewer.com,Neutral
Website,accountingacademy.co.za,Unproductive
Website,accounts.binance.com,Unproductive
Website,accounts.google.co.za,Productive
Website,accounts.google.com,Productive
Website,accounts.microsoft.com,Unproductive
Website,accounts.snapchat.com,Unproductive
Website,accounts.uber.com,Unproductive
Website,accounts.zerotier.com,Productive
Website,accounts.zoho.com,Unproductive
Website,accuweather.com,Unproductive
Website,acrobat.adobe.com,Productive
Website,acs360.co.za,Unproductive
Website,acspay.co.za,Unproductive
Website,acssb.bankserv.co.za,Unproductive
Website,actionsport.spawtz.com,Unproductive
Website,actionsports.co.za,Unproductive
Website,ad.doubleclick.net,Unproductive
Website,addntworks.com,Unproductive
Website,addons.mozilla.org,Productive
Website,adobe.com,Productive
Website,adobeid-na1.services.adobe.com,Productive
Website,aeroklas.com,Unproductive
Website,af.1xmatch.com,Unproductive
Website,af.atomiyme.com,Unproductive
Website,af.eferrit.com,Unproductive
Website,af.wikipedia.org,Unproductive
Website,affies.com,Unproductive
Website,afis.co.za,Unproductive
Website,africa-trading-and-projects-ltd-pty.business.site,Productive
Website,africabizinfo.com,Productive
Website,africacomplaints.com,Unproductive
Website,africaengineering.co.za,Productive
Website,africanadvice.com,Productive
Website,africansunriseholdings.co.za,Unproductive
Website,africansunrisevolunteers.co.za,Unproductive
Website,africasunoil.com,Neutral
Website,afriforum.co.za,Productive
Website,afrihost.com,Productive
Website,afrimat.co.za,Productive
Website,afterschoolportal.co.za,Unproductive
Website,agrimag.co.za,Productive
Website,agrisell.co.za,Productive
Website,airbnb.co.za,Unproductive
Website,airpaz.com,Unproductive
Website,airports.co.za,Unproductive
Website,aka.ms,Unproductive
Website,akasiacountryclub.co.za,Unproductive
Website,albasmagraphic.com,Productive
Website,alcari.biz,Productive
Website,alibaba.com,Unproductive
Website,all.rugby,Unproductive
Website,allies.co.za,Productive
Website,allinfosearch.com,Productive
Website,alt-codes.net,Productive
Website,altokitchens.co.za,Productive
Website,amazon.com,Unproductive
Website,amazon.in,Unproductive
Website,amazon.sg,Unproductive
Website,amd.com,Unproductive
Website,ampath.co.za,Unproductive
Website,amps.co.za,Productive
Website,amrtowing.co.za,Productive
Website,amy.conyers@gmail.com,Productive
Website,anabolics-sa.co.za,Unproductive
Website,ananzi.co.za,Unproductive
Website,anbinvestments.co.za,Productive
Website,angloamericanplatinum.com,Productive
Website,annotate.appen.com,Unproductive
Website,anpsyche.co.za,Unproductive
Website,answers.com,Unproductive
Website,answers.microsoft.com,Productive
Website,antigravity.google,Neutral
Website,anydesk.com,Productive
Website,anyrecover.com,Productive
Website,ap-trk.w0jh.in,Unproductive
Website,apartheidmuseum.org,Unproductive
Website,api.sayellow.com,Productive
Website,api.whatsapp.com,Unproductive
Website,api13.ilovepdf.com,Productive
Website,api2.checkout.com,Unproductive
Website,api35.ilovepdf.com,Productive
Website,api41.ilovepdf.com,Productive
Website,apollo.io,Productive
Website,apowersoft.com,Productive
Website,app.capacities.io,Unproductive
Website,app.empmonitor.com,Productive
Website,app.flysafair.co.za,Unproductive
Website,app.healthadviceinstitute.com,Productive
Website,app.jilt.com,Unproductive
Website,app.jobvite.com,Unproductive
Website,app.myhours.com,Unproductive
Website,app.odidieatthat.com,Unproductive
Website,app.shein.com,Unproductive
Website,app.temu.com,Unproductive
Website,app.vivagym.co.za,Unproductive
Website,app.werxapp.com,Productive
Website,app.wordtune.com,Unproductive
Website,appgallery.huawei.com,Unproductive
Website,appleid.apple.com,Unproductive
Website,application.amps.co.za,Productive
Website,apps.disneyplus.com,Unproductive
Website,apps.hti-systems.com,Unproductive
Website,apps.microsoft.com,Productive
Website,apps.mypurecloud.ie,Unproductive
Website,apps4u.store,Unproductive
Website,aprassa.co.za,Productive
Website,apryse.com,Unproductive
Website,apyoripr9sm.odyrssey.nov.ru,Unproductive
Website,aqua-nyoni.co.za,Productive
Website,aquamat.co.za,Productive
Website,aramex.co.za,Productive
Website,aramex.com,Productive
Website,arc.agric.za,Productive
Website,archive.gazettes.africa,Productive
Website,armcoilafrika.co.za,Productive
Website,arrivealive.mobi,Unproductive
Website,arwyp.com,Productive
Website,askaichat.app,Productive
Website,asterio.co.za,Unproductive
Website,astralchicken.com,Neutral
Website,ataxia.org,Unproductive
Website,atdalliance.co.za,Productive
Website,ats2000.com,Productive
Website,atterburyvaluemart.co.za,Unproductive
Website,attorneys.co.za,Unproductive
Website,au.yahoo.com,Unproductive
Website,aurhuedin.ro,Unproductive
Website,auth.apryse.com,Productive
Website,auth.lusha.com,Unproductive
Website,auth.mtn.co.za,Unproductive
Website,auth.openai.com,Productive
Website,auth.services.adobe.com,Productive
Website,auth.uber.com,Unproductive
Website,auth.wetransfer.com,Unproductive
Website,authentication.cardinalcommerce.com,Unproductive
Website,automart.co.za,Unproductive
Website,automobile-catalog.com,Unproductive
Website,autorepairdirectory.co.za,Unproductive
Website,autotrader.co.za,Unproductive
Website,avalonfarmvenue.com,Unproductive
Website,avcom.co.za,Unproductive
Website,avg.com,Productive
Website,avis.co.za,Unproductive
Website,axxess.co.za,Productive
Website,b2bhint.com,Productive
Website,bakgatverblyf.com,Unproductive
Website,bark.com,Unproductive
Website,barnyardtheatre.co.za,Unproductive
Website,basemajorcon.co.za,Productive
Website,batterboys.co.za,Unproductive
Website,bdir.in,Productive
Website,beagledatabase.co.za,Unproductive
Website,beautiful.ai,Unproductive
Website,bee.co.za,Productive
Website,benoni.infoisinfo.co.za,Productive
Website,bereapharmacy.co.za,Unproductive
Website,berni.co.za,Unproductive
Website,bestamed.com,Unproductive
Website,bettersleepzone.co.za,Unproductive
Website,betterup.com,Unproductive
Website,bgind.co.za,Productive
Website,bhfglobal.com,Productive
Website,bhfportal.co.za,Productive
Website,bhphotovideo.com,Unproductive
Website,bidorbuy.co.za,Unproductive
Website,bigcattracks.com,Unproductive
Website,bigpdf.11zon.com,Productive
Website,bigsave.co.za,Productive
Website,binance.com,Unproductive
Website,bing.com,Unproductive
Website,birdmachines.co.za,Unproductive
Website,bit.ly,Unproductive
Website,bizportal.gov.za,Productive
Website,bizreview.co.za,Unproductive
Website,bjsm.bmj.com,Unproductive
Website,blogup.io,Unproductive
Website,bloomnu.com,Unproductive
Website,blulitemanager.com,Productive
Website,bmicalculator.mes.fm,Productive
Website,bmv.biz,Productive
Website,bobcares.com,Productive
Website,bobshop.co.za,Unproductive
Website,bodyandsoul.co.za,Unproductive
Website,boererate.com,Unproductive
Website,bokkieweek.co.za,Unproductive
Website,bokradio.co.za,Unproductive
Website,bolandlandbou.co.za,Unproductive
Website,boldsign.com,Unproductive
Website,bomaid.co.bw,Unproductive
Website,bonjour.uber.com,Unproductive
Website,book.avis.co.za,Unproductive
Website,bookdepository.com,Unproductive
Website,booking.com,Unproductive
Website,bookings.flycemair.co.za,Unproductive
Website,bossagriculture.com.au,Unproductive
Website,bosse-associates.co.za,Unproductive
Website,bosveldstereo.co.za,Unproductive
Website,botgauge.com,Productive
Website,bottles.bottlesapp.co.za,Unproductive
Website,boxer.co.za,Productive
Website,boyshigh.com,Unproductive
Website,bpe.co.za,Productive
Website,brabys.com,Unproductive
Website,brand.joburg.org.za,Productive
Website,briefly.co.za,Unproductive
Website,bsending.co.za,Unproductive
Website,bsisteel.co.za,Productive
Website,bsure.co.za,Unproductive
Website,bsureafrica.co.za,Unproductive
Website,bufaloex.com,Unproductive
Website,buffaloex.com,Unproductive
Website,bugasura.io,Productive
Website,buildandprice.kia.co.za,Unproductive
Website,builders.co.za,Unproductive
Website,buildit.co.za,Productive
Website,bullsrugby.co.za,Unproductive
Website,burgercompany.co.za,Unproductive
Website,busamed.co.za,Productive
Website,bushbreaks.co.za,Unproductive
Website,business.facebook.com,Unproductive
Website,business.google.com,Unproductive
Website,businesshandbook.net,Productive
Website,businesstech.co.za,Unproductive
Website,busticket.co.za,Unproductive
Website,c-sharpcorner.com,Unproductive
Website,c.mail.com,Unproductive
Website,c2c.binance.com,Unproductive
Website,calculator.net,Productive
Website,calcumed.co.za,Productive
Website,calendar-365.com,Unproductive
Website,callupcontact.com,Productive
Website,camerastuff.co.za,Unproductive
Website,campaign.metrofibre.co.za,Unproductive
Website,camscanner.com,Unproductive
Website,canon.co.za,Unproductive
Website,canva.com,Unproductive
Website,canvasandmore.co.za,Unproductive
Website,capetown.travel,Unproductive
Website,capitecbank.co.za,Unproductive
Website,capitecbank.imicampaign.io,Unproductive
Website,capstoneseeds.com,Productive
Website,captcha-desktop-ver-1-121.buzz,Unproductive
Website,caracalconstruction.co.za,Productive
Website,carbonheroes.co.za,Unproductive
Website,cardekho.com,Unproductive
Website,careerjunction.co.za,Unproductive
Website,careers.go2.io,Unproductive
Website,careers.mediclinic.co.za,Unproductive
Website,careers24.com,Unproductive
Website,careersportal.co.za,Unproductive
Website,carolinekpsychologist.co.za,Unproductive
Website,cars.brick7.co.za,Unproductive
Website,cars.co.za,Unproductive
Website,carsguide.com.au,Unproductive
Website,cartoq.com,Unproductive
Website,cartrack.co.za,Unproductive
Website,carwale.com,Unproductive
Website,cashconverters.co.za,Unproductive
Website,cbhrandburg.co.za,Unproductive
Website,cbl.co.za,Unproductive
Website,cbr.com,Unproductive
Website,cc.co,Unproductive
Website,ccdcouriers.co.za,Unproductive
Website,ccp.axxess.co.za,Productive
Website,cdc.gov,Unproductive
Website,cdn.images.letsenhance.io,Unproductive
Website,ceac.state.gov,Unproductive
Website,cellc.co.za,Unproductive
Website,ceosa.org.za,Unproductive
Website,certified.windowserrorhelp.com,Productive
Website,cfaomotors.co.za,Unproductive
Website,cfonline.labour,Productive
Website,cfonline.labour.gov.za,Productive
Website,cgate.pdfsam.org,Productive
Website,chamberlains.co.za,Unproductive
Website,change.org,Unproductive
Website,chat.openai.com,Productive
Website,chatgpt.com,Productive
Website,cheapflights.co.za,Unproductive
Website,checkout1.upclick.com,Unproductive
Website,chicagomanualofstyle.org,Unproductive
Website,childrenarebutterflies.org.uk,Unproductive
Website,chrome.google.com,Productive
Website,chromedriver.chromium.org,Productive
Website,chromedriver.storage.googleapis.com,Productive
Website,chromeenterprise.google,Productive
Website,chromewebstore.google.com,Productive
Website,ci3.googleusercontent.com,Productive
Website,cipc.co.za,Productive
Website,cipcregistration.co.za,Productive
Website,circ.co.za,Productive
Website,cisp.cachefly.net,Unproductive
Website,citilinerplus.co.za,Unproductive
Website,citionline.co.za,Unproductive
Website,citizen.co.za,Unproductive
Website,citycupboards.co.za,Unproductive
Website,citylinkcabs.co.za,Unproductive
Website,claimstatus.labour.gov.za,Productive
Website,clashofclans-layouts.com,Unproductive
Website,clearaccess.co.za,Unproductive
Website,clearancewfurniture.co.za,Unproductive
Website,click.e.surveymonkey.com,Unproductive
Website,click.email.clicks.co.za,Unproductive
Website,click.hq.wonga.co.za,Unproductive
Website,click.pstmrk.it,Unproductive
Website,click.uber.com,Unproductive
Website,clicks.co.za,Unproductive
Website,clicksgroup.co.za,Unproductive
Website,clicktripz.com,Unproductive
Website,clientzone.afrihost.com,Productive
Website,clipart-library.com,Unproductive
Website,cloud.email.clicks.co.za,Productive
Website,cloud.hq.wonga.co.za,Unproductive
Website,cloud.procureactiv.co.za,Unproductive
Website,cloudconvert.com,Productive
Website,cmbinary.gauteng.gov.za,Productive
Website,cms.gov,Productive
Website,cnaq.ac.mz,Unproductive
Website,code.visualstudio.com,Productive
Website,codegrepper.com,Productive
Website,codepen.io,Productive
Website,coid.co.za,Productive
Website,coidalettersa.co.za,Productive
Website,coidinstitute.co.za,Productive
Website,coidlink.co.za,Productive
Website,coidregistration.co.za,Productive
Website,coinmarketcap.com,Unproductive
Website,collivery.net,Productive
Website,columbussa.com,Neutral
Website,commerce.adobe.com,Productive
Website,comms.autotrader.co.za,Unproductive
Website,community.spiceworks.com,Productive
Website,community.teltonika-networks.com,Productive
Website,companies-southafrica.com,Productive
Website,companypartners.co.za,Productive
Website,compcare.randmutual.co.za,Productive
Website,compeasy.labour.gov.za,Productive
Website,compensationfundassistance.co.za,Productive
Website,complaintsboard.com,Unproductive
Website,completetech.co.za,Unproductive
Website,compress-pdf.com,Productive
Website,compress2go.com,Productive
Website,compsol.co.za,Productive
Website,computerhope.com,Productive
Website,connect.appen.com,Unproductive
Website,connect.dstv.com,Unproductive
Website,connect.howler.co.za,Unproductive
Website,connectentertainment.co.za,Unproductive
Website,connectivitycheck.gstatic.com,Neutral
Website,connectu.vodacom.co.za,Unproductive
Website,constellationrms.com,Unproductive
Website,consultingstudent.files.wordpress.com,Unproductive
Website,contract.uscourtarchive.com,Unproductive
Website,control-mb.v3lomail.com,Unproductive
Website,convert-pdf-excel.pdffiller.com,Productive
Website,convert.best,Productive
Website,coolermaster.com,Unproductive
Website,copilot.microsoft.com,Productive
Website,coricraft.co.za,Unproductive
Website,cormeddrs.co.za,Productive
Website,corsair.com,Unproductive
Website,coso.co.za,Productive
Website,coursehero.com,Unproductive
Website,cover.affinityhealth.co.za,Unproductive
Website,covidtesting.azureedge.net,Unproductive
Website,cpbothmasteel.co.za,Productive
Website,cpo.gov.tt,Productive
Website,creditmantri.com,Unproductive
Website,creditorwatch.com.au,Unproductive
Website,crescendo-consult.ro,Productive
Website,cricketstuff.co.za,Unproductive
Website,crucial.com,Productive
Website,csd.com,Productive
Website,csd.gov.za,Productive
Website,csinvestigate.co.za,Unproductive
Website,csssecurityservices.co.za,Productive
Website,cstone.co.za,Unproductive
Website,ctrack.com,Unproductive
Website,ctrackonline.co.za,Unproductive
Website,cullinangolfclub.com,Unproductive
Website,currency.me.uk,Unproductive
Website,curro.co.za,Unproductive
Website,customer-enquiries.wsb.edu.za,Neutral
Website,cutewallpaper.org,Unproductive
Website,cutout.pro,Unproductive
Website,cwao.org.za,Unproductive
Website,cybersided.com,Unproductive
Website,cylex.net.za,Unproductive
Website,d2saw6je89goi1.cloudfront.net,Productive
Website,dailymaverick.co.za,Unproductive
Website,daimlertruck.com,Productive
Website,dalymorgan.co.za,Productive
Website,dashboard-01.braze.eu,Productive
Website,dashboard-02.braze.com,Productive
Website,dawnwing.co.za,Unproductive
Website,dbeaver.io,Productive
Website,dbp.co.za,Productive
Website,dccsa.co.za,Productive
Website,dcs.gov.za,Productive
Website,dcssl.gov.za,Productive
Website,dctyres.co.za,Unproductive
Website,ddc-server.blulitemanager.com,Productive
Website,ddc-web.com,Productive
Website,ddc.co.za,Productive
Website,ddc755-my.sharepoint.com,Neutral
Website,ddccsa.co.za,Productive
Website,ddcdocs.co.za,Productive
Website,ddcdocs.com,Productive
Website,ddciod.co.za,Productive
Website,ddcsa.co.za,Productive
Website,ddcserver-pc.local,Productive
Website,debtorsassist.co.za,Unproductive
Website,decathlon.co.za,Unproductive
Website,deepai.org,Unproductive
Website,deepmind.google,Productive
Website,defencerevival.com,Unproductive
Website,defenceweb.co.za,Unproductive
Website,defikindogms.com,Unproductive
Website,defikingdoms.com,Unproductive
Website,dehnsinnovations.com,Unproductive
Website,delforno.co.za,Productive
Website,delicatedebtcollectors.co.za,Productive
Website,deliverytrack.net,Unproductive
Website,delta5.co.za,Productive
Website,dennisivy.teachable.com,Productive
Website,deonneleroux.co.za,Unproductive
Website,desd.nwpg.gov.za,Productive
Website,desertcart.co.za,Unproductive
Website,designerblindsandflooring.co.za,Unproductive
Website,detectportal.firefox.com,Productive
Website,dev.apryse.com,Productive
Website,developer.chrome.com,Productive
Website,developmentaid.org,Unproductive
Website,deviantart.com,Unproductive
Website,dffe.gov.za,Productive
Website,dfire.ensight.ws,Productive
Website,dha.gov.za,Unproductive
Website,dhet.gov.za,Productive
Website,dhs.gov.za,Productive
Website,dieseltechengines.co.za,Productive
Website,dieticians-sa.co.za,Productive
Website,differencebetween.info,Unproductive
Website,dir.alltrack.org,Productive
Website,direct.capitecbank.co.za,Unproductive
Website,disasterassistance.gov,Productive
Website,dischem.co.za,Unproductive
Website,discountdecor.co.za,Unproductive
Website,discovery.co.za,Unproductive
Website,discoverypretoria.co.za,Productive
Website,distancesfrom.com,Unproductive
Website,ditto.jobs,Unproductive
Website,dm9.biz,Unproductive
Website,dmllaw.co.za,Productive
Website,dnb.com,Unproductive
Website,doc-00-4g-apps-viewer.googleusercontent.com,Productive
Website,doc-04-2o-prod-02-apps-viewer.googleusercontent.com,Productive
Website,doc-08-4g-apps-viewer.googleusercontent.com,Productive
Website,doc-0c-4g-apps-viewer.googleusercontent.com,Productive
Website,doc-0g-4g-apps-viewer.googleusercontent.com,Productive
Website,doc-0s-1g-prod-03-apps-viewer.googleusercontent.com,Productive
Website,doc-0s-2o-prod-02-apps-viewer.googleusercontent.com,Productive
Website,doc-0s-4g-apps-viewer.googleusercontent.com,Productive
Website,doc-14-54-prod-01-apps-viewer.googleusercontent.com,Productive
Website,docassist.co.za,Productive
Website,docfly.com,Productive
Website,docformats.com,Productive
Website,docplayer.net,Productive
Website,docs.apryse.com,Productive
Website,docs.github.com,Productive
Website,docs.google.com,Productive
Website,docs.microsoft.com,Productive
Website,docs.zoom.us,Unproductive
Website,doctors-hospitals-medical-cape-town-south-africa.blaauwberg.net,Productive
Website,doctorsnearme.co.za,Productive
Website,documentcloud.adobe.com,Productive
Website,documents.ecoida.co.za,Productive
Website,documents.oneplan.co.za,Unproductive
Website,docutech.com,Productive
Website,docweb.co.za,Productive
Website,dod.mil.za,Productive
Website,doh.limpopo.gov.za,Productive
Website,domesticflights-southafrica.co.za,Unproductive
Website,doornpoort.co.za,Unproductive
Website,dotnet.microsoft.com,Productive
Website,downdetector.co.za,Productive
Website,doxadeo.org,Unproductive
Website,dpd.com,Productive
Website,dpsa.gov.za,Productive
Website,dpwrt.mpg.gov.za,Productive
Website,dr.jf.padilha@gmail.com,Productive
Website,dragonball.guru,Unproductive
Website,drbglawrence-surgeon.co.za,Productive
Website,drdikobepsych.co.za,Unproductive
Website,dreamstime.com,Unproductive
Website,dretiennemaritz.co.za,Unproductive
Website,drharrysportsurgery.co.za,Productive
Website,drive.google.com,Productive
Website,drive.usercontent.google.com,Productive
Website,drivers.razersupport.com,Unproductive
Website,drlaher.co.za,Unproductive
Website,drnjiyadentistryinc.co.za,Unproductive
Website,dromex.co.za,Productive
Website,dropbox.com,Unproductive
Website,drserose.com,Productive
Website,drstrydomorthopaedics.co.za,Unproductive
Website,drugs.com,Productive
Website,dsd.limpopo.gov.za,Productive
Website,dstv.co.za,Unproductive
Website,dstv.com,Unproductive
Website,dulnvxiers.tk,Unproductive
Website,dunloptyres.co.za,Unproductive
Website,dunlopzonemafikeng.co.za,Productive
Website,durban.gov.za,Productive
Website,dutoitattorneys.com,Unproductive
Website,dutoitmed.co.za,Productive
Website,dwa-pretoria.com,Productive
Website,dws.gov.za,Productive
Website,dx.flights.kulula.com,Unproductive
Website,e-tshwane.co.za,Unproductive
Website,e.esteelauder.com,Unproductive
Website,earthcam.com,Unproductive
Website,easeus.com,Productive
Website,ebay.com,Unproductive
Website,eceducation.gov.za,Productive
Website,echealth.gov.za,Productive
Website,ecoida.co.za,Productive
Website,economybookings.com,Unproductive
Website,economycarrentals.com,Unproductive
Website,edgeservices.bing.com,Unproductive
Website,edu.limpopo.gov.za,Productive
Website,education.fs.gov.za,Productive
Website,education.gov.za,Productive
Website,eec.edu.za,Productive
Website,eezi.co.za,Unproductive
Website,eforms.com,Unproductive
Website,eft.ppay.io,Unproductive
Website,eggbert.co.za,Productive
Website,ehome.dha.gov.za,Productive
Website,eis.za.net,Productive
Website,ekurhuleni.gov.za,Productive
Website,elbequipment.co.za,Unproductive
Website,elections.org.za,Unproductive
Website,elements.envato.com,Unproductive
Website,elitism.grivorae.it.com,Unproductive
Website,elliott.co.za,Unproductive
Website,email.clearscore.co.za,Unproductive
Website,email.e-mail.zando.co.za,Unproductive
Website,email.edgars.co.za,Unproductive
Website,email.mweb.co.za,Unproductive
Website,email.pixiesetmail.com,Unproductive
Website,email.uber.com,Unproductive
Website,emergency-live.com,Unproductive
Website,emergencymedicine.co.za,Productive
Website,emojidictionary.emojifoundation.com,Unproductive
Website,emojipedia.org,Unproductive
Website,employer.compsol.co.za,Productive
Website,empmonitor.com,Productive
Website,en-gb.facebook.com,Unproductive
Website,en.opentran.net,Unproductive
Website,en.softonic.com,Unproductive
Website,en.wikipedia.org,Unproductive
Website,encyclopediaofukraine.com,Unproductive
Website,energy-outlet.co.za,Unproductive
Website,enertec.co.za,Unproductive
Website,engine.spotscenered.info,Productive
Website,epcrugby.com,Unproductive
Website,epetstore.co.za,Unproductive
Website,epetstore.us11.list-manage.com,Unproductive
Website,ephraimmogalelm.gov.za,Productive
Website,epicdope.com,Unproductive
Website,erwat.co.za,Productive
Website,eservices.durban.gov.za,Productive
Website,eservices.joburg.org.za,Productive
Website,eskom.co.za,Unproductive
Website,esky.com,Unproductive
Website,eskytravel.co.za,Unproductive
Website,eswatinihospice.com,Productive
Website,eternalmoodphotography.pixieset.com,Unproductive
Website,etoro.com,Unproductive
Website,etsy.com,Unproductive
Website,eu.messenger-notify.xyz,Unproductive
Website,eugenemaraishosp.examsportal.com,Unproductive
Website,events.teams.microsoft.com,Unproductive
Website,evetech.co.za,Unproductive
Website,evolve.eventoptions.co.za,Unproductive
Website,ewc.edu.za,Productive
Website,ewn.co.za,Unproductive
Website,example.com,Unproductive
Website,excel.cloud.microsoft,Neutral
Website,exceloffthegrid.com,Productive
Website,executiveplacements.com,Unproductive
Website,exoticsteel.co.za,Productive
Website,expert-pdf.com,Productive
Website,expol.co.za,Unproductive
Website,express.adobe.com,Productive
Website,expresschefsauces.co.za,Unproductive
Website,expresspros.co.za,Unproductive
Website,ext.aerocrs.com,Unproductive
Website,extendoffice.com,Productive
Website,extensions-hub.com,Productive
Website,ezshuttle.co.za,Unproductive
Website,f003.backblazeb2.com,Productive
Website,facebook.com,Unproductive
Website,family-album.com,Unproductive
Website,fastsell.co.za,Unproductive
Website,fasttracking.co.za,Unproductive
Website,fastway.co.za,Productive
Website,fatjoe.com,Unproductive
Website,feelsilki.com,Unproductive
Website,fem.co.za,Productive
Website,fema.gov,Productive
Website,femasa-my.sharepoint.com,Productive
Website,fhbc.co.za,Unproductive
Website,fibre.internet.co.za,Productive
Website,fifa.com,Unproductive
Website,file.vu,Unproductive
Website,filecamp.com,Unproductive
Website,files.rg-adguard.net,Productive
Website,files.smallpdf.com,Productive
Website,filezilla-project.org,Productive
Website,find.shell.com,Unproductive
Website,findojobs.co.za,Unproductive
Website,firefox.com,Neutral
Website,firstshop.co.za,Unproductive
Website,fitnessyogi.net,Unproductive
Website,flashtech.co.za,Unproductive
Website,flm.co.za,Neutral
Website,flook.co.za,Unproductive
Website,flyairlink.com,Unproductive
Website,flycemair.co.za,Unproductive
Website,flysafair.co.za,Unproductive
Website,flysafair.us7.list-manage.com,Unproductive
Website,flysafair.zendesk.com,Unproductive
Website,flysafairholidays.co.za,Unproductive
Website,fnb.co.za,Unproductive
Website,foodloversmarket.co.za,Unproductive
Website,foodloversmarket.evlink21.net,Unproductive
Website,footgear.co.za,Unproductive
Website,footprint.net,Unproductive
Website,footprintapp.net,Unproductive
Website,forbes.com,Unproductive
Website,ford.co.za,Unproductive
Website,formfiller.ctechhindi.in,Productive
Website,forms.cloud.microsoft,Productive
Website,forms.office.com,Productive
Website,formsbank.com,Productive
Website,forum.mikrotik.com,Productive
Website,forum.utorrent.com,Productive
Website,forwardhealth.wi.gov,Unproductive
Website,foschiniforbeauty.co.za,Unproductive
Website,fotodiscountworld.co.za,Unproductive
Website,foundation.co.za,Unproductive
Website,foursquare.com,Productive
Website,fourwaysurgentcare.co.za,Unproductive
Website,fqbm.campaign-view.com,Unproductive
Website,freeconvert.com,Unproductive
Website,freelanceeditingjobs.com,Unproductive
Website,freemeteo.co.za,Unproductive
Website,freepdfconvert.com,Productive
Website,freepik.com,Unproductive
Website,fs30.formsite.com,Unproductive
Website,fsdoe.fs.gov.za,Productive
Website,ftthorder.metrofibre.co.za,Productive
Website,fullstack.com.au,Unproductive
Website,funimada.com,Unproductive
Website,funimation.com,Unproductive
Website,furniture-warehouse.co.za,Unproductive
Website,fury.co.za,Unproductive
Website,fusionboutiquehotel.co.za,Unproductive
Website,futureartera.com,Unproductive
Website,fvslaw.co.za,Unproductive
Website,fxgroup.net,Unproductive
Website,g4s.com,Unproductive
Website,gadgetsnow.com,Unproductive
Website,galaxiabranca.pt,Unproductive
Website,game.co.za,Unproductive
Website,game.defikingdoms.com,Unproductive
Website,gameza.api.useinsider.com,Unproductive
Website,gauteng.co.za,Productive
Website,gauteng.gov.za,Productive
Website,gavi.org,Unproductive
Website,gazettes.africa,Productive
Website,gdeadmissions.co.za,Unproductive
Website,gdeadmissions.gov.za,Unproductive
Website,gds.google.com,Unproductive
Website,gemini.google.com,Productive
Website,gems.gov.za,Productive
Website,genesishope.co.za,Unproductive
Website,geotargit.com,Unproductive
Website,get.adobe.com,Productive
Website,getadoc.co.za,Unproductive
Website,gethealthy.sa.gov.au,Unproductive
Website,getpocket.com,Unproductive
Website,giantlight.co.za,Unproductive
Website,gifdb.com,Unproductive
Website,gigacalculator.com,Productive
Website,gigapromo.co.za,Unproductive
Website,git-scm.com,Unproductive
Website,github-production-user-asset-6210df.s3.amazonaws.com,Productive
Website,github.com,Productive
Website,gitlab.com,Productive
Website,gkhartbeespoort.co.za,Unproductive
Website,glassfix.co.za,Productive
Website,gleauty.com,Unproductive
Website,globaltestmarket.com,Unproductive
Website,glosbe.com,Unproductive
Website,gm.lightinthebox.com,Unproductive
Website,go.etoro.com,Unproductive
Website,go.microsoft.com,Productive
Website,go.millennialmoney.com,Unproductive
Website,go.skype.com,Productive
Website,godox.co.za,Unproductive
Website,gol.gg,Unproductive
Website,golden-era.co.za,Productive
Website,gonitro.com,Productive
Website,goo.gl,Unproductive
Website,goodhousekeeping.com,Unproductive
Website,goodreads.com,Unproductive
Website,google.co.za,Productive
Website,google.com,Productive
Website,google.zoom.us,Productive
Website,googleadservices.com,Productive
Website,gotogate.co.za,Unproductive
Website,gov.za,Productive
Website,govpage.co.za,Productive
Website,gpaa.gov.za,Productive
Website,gparted.org,Unproductive
Website,gpgonline-my.sharepoint.com,Productive
Website,gpwonline.co.za,Productive
Website,gpwonline.sharepoint.com,Productive
Website,gracefalls.co.za,Unproductive
Website,grammarchecker.io,Unproductive
Website,grammarly.com,Unproductive
Website,graphitesecurity.co.za,Productive
Website,gravelottegold.com,Productive
Website,greatertzaneen.gov.za,Productive
Website,greengazette.co.za,Productive
Website,greetingsisland.com,Unproductive
Website,greif.co.za,Unproductive
Website,greif.com,Productive
Website,grepper.com,Productive
Website,greyhound.bookings.ratality.com,Unproductive
Website,greyhound.co.za,Unproductive
Website,grief.co.za,Unproductive
Website,grindtech.com,Unproductive
Website,groundup.org.za,Unproductive
Website,groundwatersa.co.za,Unproductive
Website,group1hyundai.co.za,Unproductive
Website,growinggreatness.co.za,Unproductive
Website,guanoboost.co.za,Unproductive
Website,guestreservations.com,Unproductive
Website,h2o.howler.co.za,Unproductive
Website,h2oparty.com,Unproductive
Website,h30434.www3.hp.com,Unproductive
Website,habbox.com,Unproductive
Website,halewood.co.za,Unproductive
Website,hamelattorneys.co.za,Unproductive
Website,happyscribe.com,Unproductive
Website,harmony.co.za,Productive
Website,hcplanthire.co.za,Productive
Website,health-worx.co.za,Unproductive
Website,health.gov.za,Productive
Website,health.harvard.edu,Unproductive
Website,health.qld.gov.au,Unproductive
Website,health.state.mn.us,Unproductive
Website,healthdirect.gov.au,Unproductive
Website,healthline.com,Unproductive
Website,heartbeet.co.za,Unproductive
Website,heictojpg.com,Unproductive
Website,hellopeter.com,Unproductive
Website,help.empmonitor.com,Productive
Website,help.mweb.co.za,Neutral
Website,help.svc.cloud.microsoft,Neutral
Website,help24group.co.za,Unproductive
Website,help24holdings.co.za,Productive
Website,help24security.co.za,Productive
Website,helpdeskgeek.com,Productive
Website,helpx.adobe.com,Productive
Website,henning.org,Unproductive
Website,heronbridge.co.za,Productive
Website,heymanskole.co.za,Unproductive
Website,heyplaces.co.za,Unproductive
Website,hgphysio.co.za,Unproductive
Website,hificorp.co.za,Unproductive
Website,highsnobiety.com,Unproductive
Website,highspeedinternet.com,Productive
Website,hiksurveillance.co.za,Unproductive
Website,hillsidegolfcourse.co.za,Unproductive
Website,hinterland.co.za,Productive
Website,hippo.evlink7.net,Unproductive
Website,hisense.co.uk,Unproductive
Website,hisense.co.za,Unproductive
Website,hlokomela.org.za,Productive
Website,hoedspruit.infoisinfo.co.za,Productive
Website,holidaycars.com,Unproductive
Website,hollard.co.za,Unproductive
Website,hollywoodbets.net,Unproductive
Website,home-connect.co.za,Productive
Website,home.co.za,Unproductive
Website,homechoice.co.za,Unproductive
Website,homedepot.com,Unproductive
Website,homeimprovement4u.co.za,Unproductive
Website,homes.trovit.co.za,Unproductive
Website,honda.co.za,Unproductive
Website,hot-breaking-news-24-7.blogspot.com,Unproductive
Website,hotel.travelstart.com,Unproductive
Website,houseandhome.co.za,Unproductive
Website,howler.cmail20.com,Unproductive
Website,howler.co.za,Unproductive
Website,howler.evlink1.net,Unproductive
Website,hpaonderdele.co.za,Neutral
Website,hrsa.gov,Productive
Website,hrtorque.co.za,Unproductive
Website,hrworldsolutions.com,Unproductive
Website,hrws.co.za,Unproductive
Website,hsmontana.co.za,Unproductive
Website,huawei-hisuite.en.softonic.com,Unproductive
Website,hulu.com,Unproductive
Website,husfarm.com,Productive
Website,hyperli.evlink7.net,Unproductive
Website,hyundai.co.za,Unproductive
Website,i.sstatic.net,Unproductive
Website,iana.org,Productive
Website,ibm.com,Productive
Website,icloud.com,Unproductive
Website,iconomyonline.com,Unproductive
Website,id.canon,Productive
Website,identity.appen.com,Unproductive
Website,ie.shiplogic.com,Productive
Website,iinfo.co.za,Productive
Website,iledsolar.com,Unproductive
Website,ilmontreal.com,Productive
Website,iloveimg.com,Productive
Website,ilovepdf.com,Productive
Website,imageonline.co,Unproductive
Website,images.partydelights.ie,Unproductive
Website,imbokodoyabathembu.co.za,Productive
Website,imdb.com,Unproductive
Website,ims-na1.adobelogin.com,Productive
Website,ims.fem.co.za,Productive
Website,inboxdollars.com,Unproductive
Website,incredible.co.za,Unproductive
Website,indeed.com,Unproductive
Website,index.buffaloex.com,Unproductive
Website,indoorcricketworld.net,Unproductive
Website,info.com,Productive
Website,infoisinfo.co.za,Unproductive
Website,infrastructuresa.org,Productive
Website,ingwenyamaresort.cmail19.com,Unproductive
Website,insider.com,Unproductive
Website,inspiredyear.com,Unproductive
Website,instagram.com,Unproductive
Website,instantstreetview.com,Unproductive
Website,insurancehelp.co.za,Unproductive
Website,intercape.co.za,Unproductive
Website,intergolf.co.za,Unproductive
Website,investopedia.com,Unproductive
Website,investors.noblecorp.com,Unproductive
Website,invitations.microsoft.com,Productive
Website,iodsolutions.co.za,Productive
Website,iol.co.za,Unproductive
Website,ionos.com,Productive
Website,ip2location.com,Productive
Website,iqbroker.com,Unproductive
Website,isabellayachtsphuket.com,Unproductive
Website,istockphoto.com,Unproductive
Website,ithembaskymarksecurity.co.za,Productive
Website,itnewsafrica.com,Unproductive
Website,ivote.co.za,Unproductive
Website,izito.co.za,Productive
Website,jakubmarian.com,Unproductive
Website,jbaycabs.com,Unproductive
Website,jcpsevents.com,Unproductive
Website,jdgroup.co.za,Productive
Website,jeepapparel.co.za,Unproductive
Website,jennacarmen.com,Unproductive
Website,jetline.co.za,Unproductive
Website,jhbeye.com,Productive
Website,jifro.free.hr,Unproductive
Website,jimilo.net,Unproductive
Website,jkp-ads.com,Productive
Website,jmails.co.za,Unproductive
Website,jnmedical.co.za,Productive
Website,jobhere.co.za,Unproductive
Website,jobin.co.za,Unproductive
Website,jobmail.co.za,Unproductive
Website,jobs.3playmedia.com,Unproductive
Website,jobs.jobvite.com,Unproductive
Website,jobs.organon.com,Unproductive
Website,jobsforeditors.com,Unproductive
Website,joburg.org.za,Productive
Website,jobvine.co.za,Unproductive
Website,johanhumanphysiotherapy7945.setmore.com,Productive
Website,join.com,Unproductive
Website,join.skype.com,Productive
Website,jophysio.co.za,Productive
Website,jotform.com,Productive
Website,journals.co.za,Unproductive
Website,jpg2pdf.com,Unproductive
Website,jpg2png.com,Productive
Website,jpg2tiff.com,Productive
Website,jtcanvas.sufio.com,Unproductive
Website,jumbo.co.za,Productive
Website,jumpingfunkykidz.co.za,Unproductive
Website,junkmail.co.za,Unproductive
Website,justanswer.com,Unproductive
Website,justimagineproperties.com,Unproductive
Website,kaleaba.co.za,Unproductive
Website,kamy.moodley@yahoo.com,Productive
Website,karennavarrete.cl,Unproductive
Website,karibaa.com,Unproductive
Website,karongwe.com,Unproductive
Website,katalon.com,Productive
Website,kaufelastaffing.co.za,Unproductive
Website,keepsafetycenter.com,Unproductive
Website,keybr.com,Productive
Website,keymoves.co.za,Unproductive
Website,keynotesupport.com,Unproductive
Website,kia.co.za,Unproductive
Website,kiddiescentre.co.za,Unproductive
Website,kidneyfund.org,Unproductive
Website,kindpng.com,Unproductive
Website,kinvario.co.za,Unproductive
Website,kisseo.com,Unproductive
Website,kitchenpros.co.za,Unproductive
Website,kitkatgroup.com,Productive
Website,klaseriedrift.co.za,Productive
Website,klaskamer.huisgenoot.com,Unproductive
Website,klopperssport.co.za,Unproductive
Website,kmpsychology.co.za,Unproductive
Website,kmspicoofficial.com,Productive
Website,knightsecurity.co.za,Productive
Website,knightsprotectionservice.co.za,Productive
Website,kolonnadecentre.co.za,Unproductive
Website,komatipoort.infoisinfo.co.za,Unproductive
Website,konicaminoltasa.com,Productive
Website,kotya-shop.ru,Unproductive
Website,ksnip.en.softonic.com,Productive
Website,kulula.com,Unproductive
Website,kwenzasurveyors.com,Productive
Website,kyocera.drivercan.com,Unproductive
Website,kyoceradocumentsolutions.co.uk,Unproductive
Website,kyoceradocumentsolutions.co.za,Unproductive
Website,kzndard.gov.za,Unproductive
Website,kzntransport.gov.za,Productive
Website,l.facebook.com,Unproductive
Website,l.instagram.com,Unproductive
Website,labour.gov,Productive
Website,labour.gov.za,Productive
Website,labourguide.co.za,Productive
Website,labourstop.co.za,Unproductive
Website,labs.google.com,Unproductive
Website,lacoloniatirolesa.com.ar,Unproductive
Website,laerskoolgarsies.co.za,Unproductive
Website,laptopmag.com,Unproductive
Website,laptopvslaptop.com,Unproductive
Website,larry.vml@gmail.com,Productive
Website,laser-erase.co.za,Unproductive
Website,laserelite.co.za,Unproductive
Website,latestspecials.co.za,Unproductive
Website,lauramcnaught.com,Unproductive
Website,lavasoft.com,Productive
Website,lavasoft.gosearchresults.com,Productive
Website,lawinsider.com,Unproductive
Website,ldoh.gov.za,Productive
Website,learn.microsoft.com,Productive
Website,learndjango.com,Productive
Website,legal-aid.co.za,Unproductive
Website,legallegends.co.za,Unproductive
Website,legalvision.com.au,Unproductive
Website,lekkeslaap.co.za,Unproductive
Website,lennyfacecopypaste.com,Unproductive
Website,lens.google.com,Unproductive
Website,leroymerlin.co.za,Unproductive
Website,letsenhance.io,Unproductive
Website,letterofgoodstanding.co.za,Productive
Website,level-7.co.za,Productive
Website,lexistracker.co.za,Unproductive
Website,lh3.googleusercontent.com,Productive
Website,lhpta.co.za,Unproductive
Website,lifehealthcare.co.za,Productive
Website,lifestyle.co.za,Unproductive
Website,lifewire.com,Unproductive
Website,lift.co.za,Unproductive
Website,lila.mywebprotectionshield.live,Unproductive
Website,limpopo.gov.za,Productive
Website,limpopoleg.gov.za,Productive
Website,limtech.technology,Unproductive
Website,link-edm-za.sheinemail.com,Unproductive
Website,link.jonathancake.org,Unproductive
Website,link.onedayonly.co.za,Unproductive
Website,link.seguno-mail.com,Unproductive
Website,link.shein.com,Unproductive
Website,link.springbokcasino.co.za,Unproductive
Website,linkedin.com,Productive
Website,links.dropbox.com,Productive
Website,links.go.bidorbuy.co.za,Unproductive
Website,links.mail.ultrasouthafrica.com,Unproductive
Website,links.malwarebytes.com,Productive
Website,links.picknpay.mkt7210.com,Unproductive
Website,links.sp.truworths.co.za,Unproductive
Website,links.sturdyplanet.com,Unproductive
Website,lionandsafaripark.com,Unproductive
Website,lisacars.co.za,Unproductive
Website,live-south-africa.s3-website-us-east-1.amazonaws.com,Unproductive
Website,live.eclipse-streaming.co.za,Unproductive
Website,live.evlink1.net,Unproductive
Website,live.profmsa.co.za,Unproductive
Website,live.youpdf.com,Productive
Website,livecareer.co.uk,Unproductive
Website,liverhealthsupport.com,Unproductive
Website,lmi.co.za,Productive
Website,lmvattorneys.co.za,Unproductive
Website,local.infobel.co.za,Productive
Website,localpros.co.za,Unproductive
Website,login.ecoida.co.za,Productive
Website,login.live.com,Productive
Website,login.microsoft.com,Productive
Website,login.microsoftonline.com,Productive
Website,login.skype.com,Productive
Website,lolesports.com,Unproductive
Website,lonerock.co.za,Productive
Website,loot.co.za,Unproductive
Website,lotusbakeries.com,Unproductive
Website,lotuscare.co.za,Neutral
Website,loupe.freshteam.com,Unproductive
Website,lovellsports.com,Unproductive
Website,lowvelder.co.za,Unproductive
Website,lp2.cmtrading.com,Unproductive
Website,lrs.org.za,Productive
Website,lusha.com,Unproductive
Website,lwsonline.net,Unproductive
Website,m.facebook.com,Unproductive
Website,m.lightinthebox.com,Unproductive
Website,m.propertylegends.co.za,Unproductive
Website,m.uber.com,Unproductive
Website,m2.digitalnewspaper.co.za,Unproductive
Website,m2north.com,Productive
Website,m2sys.com,Productive
Website,m5.apply.indeed.com,Unproductive
Website,mabula.com,Unproductive
Website,madzorodze.co.za,Productive
Website,magaliesmark.co.za,Unproductive
Website,mail.google.com,Productive
Website,mail.greenpeaceafrica.org,Unproductive
Website,mail.howler.co.za,Unproductive
Website,mail.meditrader.co.za,Productive
Website,mailer.mrp.com,Unproductive
Website,mailer.mrphome.com,Unproductive
Website,mailer.mrpsport.com,Unproductive
Website,mailer.sheetstreet.com,Unproductive
Website,mailservernotificationerror17.web.app,Unproductive
Website,maineradiology.co.za,Productive
Website,makro.co.za,Unproductive
Website,makrosafe.co.za,Productive
Website,malas.co.za,Unproductive
Website,mallofthesouth.co.za,Productive
Website,malwarebytes.com,Productive
Website,mameloditimes.co.za,Unproductive
Website,manicaa.com,Unproductive
Website,mapquest.com,Unproductive
Website,maps.google.com,Unproductive
Website,mapsoaf.com,Productive
Website,marieoni.vschalkwyk@partner4life.co.za,Unproductive
Website,marketplace.visualstudio.com,Productive
Website,maroelamedia.co.za,Unproductive
Website,marvel.com,Unproductive
Website,mascor.co.za,Productive
Website,massgrave.dev,Productive
Website,massmart.co.za,Productive
Website,matumihoa.co.za,Unproductive
Website,maxai.co,Productive
Website,maximumsecurity.co.za,Productive
Website,mayoclinic.org,Productive
Website,mazda.co.za,Unproductive
Website,mbombela.gov.za,Productive
Website,mccarthy.co.za,Unproductive
Website,mcsajohannesburg.org,Productive
Website,mcusercontent.com,Productive
Website,mdsman.co.za,Productive
Website,me.spar.co.za,Unproductive
Website,mecech.co.za,Unproductive
Website,medhubiod.co.za,Unproductive
Website,media.flixcar.com,Unproductive
Website,mediafire.com,Productive
Website,medicalads.net,Neutral
Website,medicaldirectory.co.za,Productive
Website,medicalnetwork.co.za,Productive
Website,medicalnewstoday.com,Unproductive
Website,medicalschemes.co.za,Unproductive
Website,mediclinic.co.za,Productive
Website,medicover-genetics.com,Unproductive
Website,medihelp.co.za,Unproductive
Website,medihelp.talentlms.com,Unproductive
Website,medikredit.co.za,Productive
Website,medium.com,Unproductive
Website,medpages.info,Productive
Website,meet.google.com,Productive
Website,mega.nz,Productive
Website,megaroadsandcivils.co.za,Productive
Website,melrose.mccarthynissan.co.za,Productive
Website,member.randmutual.co.za,Productive
Website,memberportal.randmutual.co.za,Productive
Website,menlopark.co.za,Unproductive
Website,menziesaviation.com,Productive
Website,merge-pdf-online.pdffiller.com,Productive
Website,merriam-webster.com,Unproductive
Website,meta.ai,Productive
Website,metacritic.com,Unproductive
Website,metalen.co.za,Productive
Website,metalogik.co.za,Productive
Website,metamask.io,Unproductive
Website,metrocommunications.com.au,Unproductive
Website,metrofibre.co.za,Productive
Website,metrorail.co.za,Productive
Website,mfaonline.co.za,Unproductive
Website,mfc.co.za,Unproductive
Website,mfpgroup.co.za,Unproductive
Website,mg.co.za,Unproductive
Website,microsoft-teams.en.softonic.com,Unproductive
Website,microsoft.com,Productive
Website,microsoftedge.microsoft.com,Productive
Website,microsoftedgewelcome.microsoft.com,Productive
Website,midas.co.za,Unproductive
Website,midas.com,Unproductive
Website,millennialmoney.com,Unproductive
Website,minitool.com,Productive
Website,mirua.co.za,Productive
Website,misa-link.mozello.com,Unproductive
Website,miwaylife.co.za,Unproductive
Website,mizzuco.com,Unproductive
Website,mlamboca.co.za,Productive
Website,mm3admin.co.za,Productive
Website,mnmhomeandleisure.co.za,Unproductive
Website,mo19.biz,Unproductive
Website,mobile.nwpl.gov.za,Productive
Website,mobserver.co.za,Productive
Website,momentum.co.za,Unproductive
Website,monkeytricks.co.za,Unproductive
Website,montanacarpets.co.za,Unproductive
Website,monthlymadness.co.za,Unproductive
Website,mooipoortgolfclub.co.za,Unproductive
Website,mopani.gov.za,Productive
Website,moqhaka.gov.za,Productive
Website,motherkindco.co.za,Unproductive
Website,motovantage.co.za,Unproductive
Website,motuskia.co.za,Unproductive
Website,motusmazda.co.za,Unproductive
Website,motusselect.co.za,Unproductive
Website,mozilla.org,Productive
Website,mpr.gov.za,Productive
Website,mpumalanga.gov.za,Productive
Website,mrexcel.com,Productive
Website,mrp.com,Unproductive
Website,mrphome.com,Unproductive
Website,msexcel--0d167b72a91711f0a6d50224a6c84d84.web.val.run,Productive
Website,msftconnecttest.com,Productive
Website,msn.com,Productive
Website,msp.randmutual.co.za,Productive
Website,msunduzi.gov.za,Productive
Website,mtn.co.za,Unproductive
Website,mtn.com,Unproductive
Website,mtnbusiness.co.za,Unproductive
Website,muggandbean.co.za,Unproductive
Website,munch.co.za,Unproductive
Website,municipalities.co.za,Productive
Website,music.youtube.com,Unproductive
Website,mvpelectric.net,Productive
Website,mweb.co.za,Unproductive
Website,my-app-f2cbf.ondigitalocean.app,Productive
Website,my.anydesk.com,Productive
Website,my.clevelandclinic.org,Unproductive
Website,my.indeed.com,Unproductive
Website,my.microsoftpersonalcontent.com,Productive
Website,my.mweb.co.za,Neutral
Website,my.zerotier.com,Productive
Website,myaccount.google.com,Productive
Website,myaccount.microsoft.com,Productive
Website,myaccount.pdfsam.org,Productive
Website,myapplications.microsoft.com,Neutral
Website,mybroadband.co.za,Unproductive
Website,mybrowseraddon.com,Productive
Website,mychatbotgpt.com,Productive
Website,mycomlink.co.za,Productive
Website,mydaycare.co.za,Unproductive
Website,mydhl.express.dhl,Unproductive
Website,myefit.co.za,Unproductive
Website,myfitnesspal.com,Unproductive
Website,mygc.co.za,Unproductive
Website,myheritage.com,Unproductive
Website,myhomestudy.co.za,Unproductive
Website,myinsuranceclub.com,Unproductive
Website,mymedicalaid.co.za,Unproductive
Website,mymps.co.za,Productive
Website,mynextvape.com,Unproductive
Website,myniceprofile.com,Unproductive
Website,myrunway.co.za,Unproductive
Website,mysearchexperts.com,Unproductive
Website,mysignins.microsoft.com,Productive
Website,mywage.co.za,Unproductive
Website,nabane.co.za,Productive
Website,nag.co.za,Unproductive
Website,nam.safelink.emails.azure.net,Productive
Website,nandos.co.za,Unproductive
Website,nationalgovernment.co.za,Productive
Website,natis.gov.za,Unproductive
Website,natureschoice.co.za,Unproductive
Website,nbcrfli.org.za,Productive
Website,ne-np.facebook.com,Unproductive
Website,nearbyza.com,Unproductive
Website,nearfinderza.com,Productive
Website,nesgroup.co.za,Productive
Website,netcare.co.za,Productive
Website,netcarehospitals.co.za,Productive
Website,netflorist.co.za,Unproductive
Website,netflorist.everlytic.net,Unproductive
Website,netflorist.evlink4.net,Unproductive
Website,netpages.co.za,Unproductive
Website,new.apollo.io,Unproductive
Website,newgenmc.co.za,Productive
Website,newmadicmedia.com,Unproductive
Website,news.sterkinekor.com,Unproductive
Website,news24.com,Unproductive
Website,nhlbi.nih.gov,Productive
Website,nicehat.club,Unproductive
Website,nielseniq.com,Unproductive
Website,nike.com,Unproductive
Website,nissan.co.za,Unproductive
Website,nitecoresa.co.za,Unproductive
Website,nlsa.ac.za,Unproductive
Website,noblecorp.com,Unproductive
Website,nobleprop.co.za,Unproductive
Website,nodejs.org,Neutral
Website,nology.co.za,Unproductive
Website,northcoal.ca,Unproductive
Website,notarypretoria.co.za,Productive
Website,nstec.com,Productive
Website,nttgroup.co.za,Unproductive
Website,nuskin.com,Unproductive
Website,nutrifeeds.co.za,Productive
Website,nwk.co.za,Unproductive
Website,nwpl.gov.za,Productive
Website,o15.officeredir.microsoft.com,Productive
Website,obaro.co.za,Unproductive
Website,occosmeticsurgeon.com,Unproductive
Website,occupationaltherapypta.co.za,Productive
Website,octa.co.za,Productive
Website,odc.officeapps.live.com,Productive
Website,office.com,Productive
Website,okfoods.co.za,Unproductive
Website,okfurniture.co.za,Unproductive
Website,old.anva.it,Unproductive
Website,old.tampermonkey.net,Unproductive
Website,oldmutual.co.za,Unproductive
Website,olwklaw.com,Unproductive
Website,omicard.asus.com,Productive
Website,omninela.co.za,Unproductive
Website,one.google.com,Productive
Website,oneassist.in,Unproductive
Website,onedrive.live.com,Productive
Website,onepet.co.za,Unproductive
Website,oneplan.co.za,Unproductive
Website,online.fem.co.za,Productive
Website,online.fnb.co.za,Unproductive
Website,online.natis.gov.za,Unproductive
Website,online2pdf.com,Productive
Website,onlinebanking.help.absa.co.za,Unproductive
Website,onlinecompanyregistrationsa.co.za,Productive
Website,onlinedirectory.online,Productive
Website,ontimermc.com,Productive
Website,oob.telkom.co.za,Productive
Website,ooba.co.za,Unproductive
Website,open.minvws.nl,Unproductive
Website,openai.com,Productive
Website,opencorporates.com,Productive
Website,openhours-southafrica.com,Productive
Website,opening-hours.co.za,Productive
Website,openpdf.com,Productive
Website,oppiplot.co.za,Unproductive
Website,oppo.com,Unproductive
Website,opticsmag.com,Unproductive
Website,orangegrove.co.za,Productive
Website,order.anydesk.com,Neutral
Website,organon.wd5.myworkdayjobs.com,Unproductive
Website,ormsdirect.co.za,Unproductive
Website,orthopaedicsportscentre.co.za,Productive
Website,otechworld.com,Unproductive
Website,ournewphone.com,Unproductive
Website,outdoorphoto.co.za,Unproductive
Website,outdoorwarehouse.co.za,Unproductive
Website,outfitelevators.com,Unproductive
Website,outlook.live.com,Productive
Website,outlook.office365.com,Productive
Website,outsurance.co.za,Unproductive
Website,overkruin.com,Unproductive
Website,overkruinuitrusters.co.za,Unproductive
Website,oweb.co.za,Unproductive
Website,owler.com,Unproductive
Website,p.sfx.ms,Unproductive
Website,p2p.binance.com,Unproductive
Website,paid.outbrain.com,Unproductive
Website,palabora.com,Productive
Website,pandorashop.co.za,Unproductive
Website,paperlesspost.com,Unproductive
Website,paperlust.co,Unproductive
Website,paralleldesk.com,Unproductive
Website,parcelmonitor.com,Productive
Website,parcelspot.com,Unproductive
Website,pargo.co.za,Unproductive
Website,parkers.co.uk,Unproductive
Website,parliament.gov.za,Productive
Website,partitionwizard.com,Productive
Website,partydelights.ie,Unproductive
Website,passwordreset.microsoftonline.com,Productive
Website,passwords.google.com,Productive
Website,paulaschoice.com,Unproductive
Website,paxi.co.za,Unproductive
Website,pay.buffaloex.com,Unproductive
Website,pay.ozow.io,Unproductive
Website,paycity.co.za,Unproductive
Website,payfast.co.za,Unproductive
Website,paygw.pdfsam.org,Productive
Website,paymyfines.co.za,Unproductive
Website,paypal.com,Unproductive
Website,pbb.co.za,Productive
Website,pcns.co.za,Productive
Website,pcscrapmetalscc2.co.za,Productive
Website,pcshopper.co.za,Unproductive
Website,pdf.online,Productive
Website,pdf.pi7.org,Neutral
Website,pdf.wondershare.com,Productive
Website,pdf.wondershare.net,Productive
Website,pdf2go.com,Productive
Website,pdf2jpg.net,Productive
Website,pdf2xl.com,Productive
Website,pdfchef.com,Productive
Website,pdfcompressor.com,Productive
Website,pdffiller.com,Productive
Website,pdfgear.com,Productive
Website,pdfguru.com,Productive
Website,pdfleader.com,Productive
Website,pdfsam.org,Productive
Website,pdfsimpli.com,Productive
Website,pdftoimage.com,Productive
Website,pdftron.com,Productive
Website,pdftron.s3.amazonaws.com,Productive
Website,pdisp01.c-wss.com,Productive
Website,pdonlinewarehouse.co.za,Unproductive
Website,pebblerock.co.za,Unproductive
Website,penguinpools.co.za,Unproductive
Website,pennyware.net,Unproductive
Website,pepstores.com,Unproductive
Website,perfectlycustomizeddaily.com,Unproductive
Website,personal.nedbank.co.za,Unproductive
Website,petheaven.activehosted.com,Unproductive
Website,pethelpful.com,Unproductive
Website,petmd.com,Unproductive
Website,peugeot.co.za,Unproductive
Website,pexels.com,Unproductive
Website,pga.co.za,Unproductive
Website,phalaborwa.gov.za,Productive
Website,pharmacompass.com,Productive
Website,photos.google.com,Unproductive
Website,physio-pedia.com,Productive
Website,physioforlife.co.za,Productive
Website,physiotherapysa.co.za,Productive
Website,pi-pil-repository.sahpra.org.za,Productive
Website,picknpayclothing.co.za,Unproductive
Website,pikitup.co.za,Unproductive
Website,pilanesbergnationalpark.org,Unproductive
Website,pinterest.it,Unproductive
Website,pioneerfoods.co.za,Productive
Website,planetfitness.co.za,Unproductive
Website,planethockey.co.za,Unproductive
Website,planetware.com,Unproductive
Website,plankteessen.co.za,Productive
Website,platinumhealth.co.za,Unproductive
Website,play.google.com,Unproductive
Website,pmasites.com,Unproductive
Website,pmc.ncbi.nlm.nih.gov,Productive
Website,pmg.org.za,Productive
Website,pna.co.za,Unproductive
Website,pnet.co.za,Unproductive
Website,pnghut.com,Unproductive
Website,pngitem.com,Unproductive
Website,pngtree.com,Neutral
Website,pnp.co.za,Unproductive
Website,pnpmulbarton.co.za,Unproductive
Website,politicalanalysis.co.za,Unproductive
Website,polmed.co.za,Productive
Website,polokwane.gov.za,Productive
Website,polyoakpackaging.co.za,Productive
Website,portal.ddcsa.co.za,Productive
Website,portal.home-connect.co.za,Productive
Website,portal.thecourierguy.co.za,Unproductive
Website,portchecker.co,Productive
Website,post.spmailtechnol.com,Productive
Website,postermywall.com,Unproductive
Website,postgresql.org,Neutral
Website,postmodernlioness.com,Unproductive
Website,postoffice.co.za,Productive
Website,powerpro-training.com,Unproductive
Website,pple.co.za,Productive
Website,pposa.co.za,Productive
Website,ppsha.co.za,Productive
Website,ppsi.inqubacx.com,Unproductive
Website,prasa.com,Productive
Website,preeclampsia.org,Unproductive
Website,premiumtrucking.co.za,Productive
Website,presents-buying.net,Unproductive
Website,pretoria.co.za,Productive
Website,pretoria.infoisinfo.co.za,Productive
Website,pretoriafees.co.za,Unproductive
Website,pretoriamedical.co.za,Unproductive
Website,prettypicks.co.za,Unproductive
Website,pricecheck.co.za,Unproductive
Website,pridepack.co.za,Productive
Website,pridepak.co.za,Productive
Website,primecure.co.za,Unproductive
Website,primevideo.com,Unproductive
Website,princesslolaboutique.co.za,Unproductive
Website,privacynotice.account.microsoft.com,Productive
Website,private-user-images.githubusercontent.com,Productive
Website,privateproperty.co.za,Unproductive
Website,pro.lightinthebox.com,Unproductive
Website,procompare.co.za,Unproductive
Website,prodirectcricket.com,Unproductive
Website,prodonline.b2clogin.com,Unproductive
Website,productionx.co.za,Unproductive
Website,products.aspose.app,Unproductive
Website,professionalskincarelab.co.za,Unproductive
Website,profmed.co.za,Productive
Website,property24.com,Unproductive
Website,property24.evlink10.net,Unproductive
Website,propertylegends.co.za,Unproductive
Website,proteacoin.co.za,Productive
Website,proteafees.co.za,Unproductive
Website,protect-za.mimecast.com,Unproductive
Website,provincialgovernment.co.za,Productive
Website,prowriter.co,Unproductive
Website,pshmtrack.com,Unproductive
Website,psira.co.za,Productive
Website,ptacc.co.za,Unproductive
Website,ptycompanyregistration.co.za,Productive
Website,pub-387efa48609e4a64bfab8ba5ddf30032.r2.dev,Unproductive
Website,publicholidays.co.za,Unproductive
Website,publicworks.gov.za,Productive
Website,pudo.co.za,Unproductive
Website,puffy.co.za,Unproductive
Website,putco.co.za,Productive
Website,pypi.org,Productive
Website,python.org,Productive
Website,q-photo.activehosted.com,Unproductive
Website,qeeq.com,Unproductive
Website,quality-veterinary-distributors.business.site,Unproductive
Website,quentaivermei.co.za,Unproductive
Website,quillbot.com,Productive
Website,qumihomes.org,Unproductive
Website,quora.com,Productive
Website,r.go.consumerrewards.co.za,Unproductive
Website,r.news.africastay.com,Unproductive
Website,r.sib.etraveligroup.com,Unproductive
Website,r10brahmans.co.za,Productive
Website,ra.org.na,Productive
Website,radds.net,Productive
Website,radio-south-africa.co.za,Unproductive
Website,radiotimes.com,Unproductive
Website,radissonhotels.com,Unproductive
Website,radware.com,Productive
Website,rain.co.za,Unproductive
Website,ram.co.za,Unproductive
Website,randmutual.co.za,Productive
Website,rateitall.co.za,Unproductive
Website,razer.com,Unproductive
Website,rbblinds.co.za,Unproductive
Website,rclfoods.com,Productive
Website,reach.home-connect.co.za,Productive
Website,reader.egress.com,Productive
Website,reader.striata.com,Productive
Website,reboundsa.com,Productive
Website,reccloud.com,Productive
Website,reclineronline.co.za,Unproductive
Website,recomed.co.za,Productive
Website,reddit.com,Unproductive
Website,rednetworks.co.za,Productive
Website,rednutaerosols.co.za,Productive
Website,refugee.co.za,Unproductive
Website,reg.fem.co.za,Neutral
Website,regionaloffices.dhet.gov.za,Productive
Website,relx.wd3.myworkdayjobs.com,Unproductive
Website,rema-tiptop.co.za,Productive
Website,rema-tiptop.com,Productive
Website,remotedesktop.google.com,Productive
Website,renault.co.za,Unproductive
Website,rentalcars.com,Unproductive
Website,resource.hix.ai,Unproductive
Website,response.questback.com,Productive
Website,results.elections.org.za,Unproductive
Website,retailstaff.freshdesk.com,Unproductive
Website,reuters.com,Unproductive
Website,rewildwithjc.com,Unproductive
Website,rfmcf.co.za,Productive
Website,rfmcfchat.profmsa.co.za,Productive
Website,rgb.to,Unproductive
Website,rheinmetall.com,Productive
Website,rhenusexpress.pperfect.com,Unproductive
Website,richards.partners,Unproductive
Website,richelieu.com,Unproductive
Website,riders.uber.com,Unproductive
Website,ringballsa.com,Unproductive
Website,rioproperty.co.za,Productive
Website,riversidevenue.co.za,Unproductive
Website,rmi.org.za,Productive
Website,roadaccidentclaim.co.za,Unproductive
Website,rochester.co.za,Unproductive
Website,rocketreach.co,Productive
Website,roe.fem.co.za,Productive
Website,roe.labour.gov.za,Productive
Website,roedl.com,Unproductive
Website,rollfab.co.za,Productive
Website,roodepoort.infoisinfo.co.za,Unproductive
Website,roots-to-wings.co.za,Unproductive
Website,rosema.co.za,Productive
Website,router-network.com,Productive
Website,royalhaven.co.za,Unproductive
Website,rtings.com,Unproductive
Website,rtmc.co.za,Unproductive
Website,rufus.ie,Productive
Website,ruler.onl,Unproductive
Website,rushordertees.com,Unproductive
Website,russells.co.za,Unproductive
Website,rustdesk.com,Productive
Website,rustenburg.biz,Productive
Website,rustoleum.co.za,Unproductive
Website,s61.80|v43.52,Neutral
Website,sabase.co.za,Unproductive
Website,sableinternational.com,Unproductive
Website,sablesports.co.za,Unproductive
Website,sabusinesslistings.co.za,Productive
Website,sacompany.co.za,Productive
Website,sacoronavirus.co.za,Unproductive
Website,sadoctorsapp.co.za,Productive
Website,safarinow.com,Unproductive
Website,safetywallet.co.za,Productive
Website,saflii.org,Unproductive
Website,sahris.sahra.org.za,Unproductive
Website,saica.org.za,Unproductive
Website,saicawebprstorage.blob.core.windows.net,Productive
Website,saipa.co.za,Unproductive
Website,saisc.co.za,Productive
Website,sajustice.caselines.com,Productive
Website,sakhumnotho.com,Productive
Website,salga.org.za,Productive
Website,sali.org.za,Productive
Website,salzgitter.co.za,Productive
Website,samedical.org,Productive
Website,samies.co.za,Unproductive
Website,samsung.com,Unproductive
Website,sandbox.payfast.co.za,Unproductive
Website,sandonia.co.za,Unproductive
Website,sandown.co.za,Unproductive
Website,sanparks.org,Unproductive
Website,saps.gov.za,Productive
Website,sars.gov.za,Productive
Website,sarsefiling.co.za,Unproductive
Website,sarugby.co.za,Unproductive
Website,sasol.com,Productive
Website,savisas.com,Unproductive
Website,sayellow.com,Productive
Website,sbv.co.za,Productive
Website,sca-inc.com,Productive
Website,scalabrini.org.za,Unproductive
Website,scholtzrad.co.za,Productive
Website,school-register.co.za,Unproductive
Website,schoolandcollegelistings.com,Unproductive
Website,schools4sa.co.za,Unproductive
Website,scientific.co.za,Productive
Website,scientificamerican.com,Unproductive
Website,scoolstuff-online.com,Unproductive
Website,scribd.com,Unproductive
Website,sdmntprwestus3.oaiusercontent.com,Unproductive
Website,sdnel.co.za,Unproductive
Website,searchinafrica.com,Productive
Website,secure.csd.gov.za,Productive
Website,secure.eskytravel.co.za,Unproductive
Website,secure.indeed.com,Unproductive
Website,secure.paygate.co.za,Unproductive
Website,secure.pdfsam.org,Productive
Website,secure.rentalcars.com,Unproductive
Website,secure.sarsefiling.co.za,Unproductive
Website,secure.skype.com,Productive
Website,secure.takealot.com,Unproductive
Website,secure.telkom.co.za,Unproductive
Website,secure.ticketpros.co.za,Unproductive
Website,securedsearch.lavasoft.com,Productive
Website,secureemail.mmc.com,Unproductive
Website,seesa.co.za,Unproductive
Website,sejda.com,Productive
Website,selfassist.co.za,Unproductive
Website,sender.mutumwa.co,Unproductive
Website,senetic.co.za,Productive
Website,sentence.yourdictionary.com,Unproductive
Website,sequre.co.za,Unproductive
Website,services.global.ntt,Unproductive
Website,servicesgc.co.za,Unproductive
Website,sevenc.co.za,Unproductive
Website,sfprod.randmutual.co.za,Productive
Website,shapeupfamilygym.co.za,Unproductive
Website,share.hsforms.com,Productive
Website,shark-app-hi975.ondigitalocean.app,Productive
Website,shellapp.namespace(zipfilepath).copyhere,Productive
Website,shiftsync.tricentis.com,Unproductive
Website,shipmed.co.za,Unproductive
Website,shop.adidas.co.za,Unproductive
Website,shopify.com,Unproductive
Website,shopperdeals.co.za,Unproductive
Website,shoprite.co.za,Unproductive
Website,shopriteholdings.co.za,Unproductive
Website,shortkeys.com,Productive
Website,showme.co.za,Unproductive
Website,shutterfly.com,Unproductive
Website,side-step.co.za,Unproductive
Website,signalhire.com,Productive
Website,signaturehound.com,Productive
Website,signup.hulu.com,Unproductive
Website,signup.live.com,Productive
Website,signup.microsoft.com,Productive
Website,silverlakes.co.za,Unproductive
Website,silvertonengineering.co.za,Unproductive
Website,simplepay.co.za,Unproductive
Website,sims.co.za,Productive
Website,singaporeair.com,Unproductive
Website,sjbattorneys.wordpress.com,Unproductive
Website,skinsight.com,Unproductive
Website,skole.co.za,Unproductive
Website,skools.co.za,Unproductive
Website,skyblueet.com,Unproductive
Website,skynet.co.za,Unproductive
Website,skynet.com.my,Unproductive
Website,skynetworldwide.com,Productive
Website,skype.com,Productive
Website,skyscrapercity.com,Unproductive
Website,sleepmasters.co.za,Unproductive
Website,smallbusiness.chron.com,Productive
Website,smallpdf.com,Productive
Website,smarthome.hicloud.com,Unproductive
Website,smartsheet.com,Productive
Website,smollan.sdpondemand.manageengine.com,Unproductive
Website,snatcher.co.za,Unproductive
Website,sneakersnacks.co.za,Unproductive
Website,snupit.co.za,Unproductive
Website,sodapdf.com,Productive
Website,solaradvice.co.za,Unproductive
Website,soundhealthwellness.com,Unproductive
Website,sourceforge.net,Productive
Website,south-africa.searchinafrica.com,Productive
Website,south-africa.worldplaces.me,Unproductive
Website,southafrica.mylifeherbal.com,Unproductive
Website,southafricanlawyer.co.za,Unproductive
Website,southafricasender.com,Unproductive
Website,southafricavisa.com,Unproductive
Website,sp.booking.com,Unproductive
Website,space.com,Unproductive
Website,spar.co.za,Unproductive
Website,specialisedfieldservicescc.com,Productive
Website,specsavers.us3.list-manage.com,Unproductive
Website,speedtest.co.za,Productive
Website,speedtest.mweb.co.za,Neutral
Website,speedtest.mybroadband.co.za,Unproductive
Website,speedtest.net,Productive
Website,speedtest.trueinternet.co.th,Productive
Website,speelkasteel.co.za,Unproductive
Website,sportsmanswarehouse.co.za,Unproductive
Website,sportssciencerehab.co.za,Productive
Website,springbokcasino.co.za,Unproductive
Website,srv.mndsrv.com,Unproductive
Website,ssa.gov,Productive
Website,ssa.gov.za,Productive
Website,ssc.org.na,Unproductive
Website,sso.buffaloex.com,Unproductive
Website,sso.fem.co.za,Productive
Website,stackoverflow.com,Productive
Website,standard-beauty.co.za,Unproductive
Website,standardbank.co.za,Unproductive
Website,starchnutrition.co.za,Unproductive
Website,statics.teams.cdn.office.net,Neutral
Website,statista.com,Unproductive
Website,stats-creative-tm.everesttech.net,Neutral
Website,statusgator.com,Unproductive
Website,steam.en.softonic.com,Unproductive
Website,steenkamp.op@gmail.com,Productive
Website,stegmanns.co.za,Unproductive
Website,stephanusroos.co.za,Unproductive
Website,stmichaelssands.co.za,Unproductive
Website,stock.adobe.com,Unproductive
Website,storage.googleapis.com,Productive
Website,store.asuswebstorage.com,Productive
Website,store.steampowered.com,Unproductive
Website,store.winzip.com,Unproductive
Website,storelogs.dev.empmonitor.com,Productive
Website,stores.twt.co.za,Unproductive
Website,stova.io,Unproductive
Website,striata.com,Productive
Website,studio-88.co.za,Unproductive
Website,studysite.org,Unproductive
Website,succulent-gifts.com,Unproductive
Website,suidies.co.za,Unproductive
Website,sun-city-south-africa.com,Unproductive
Website,sunbake.co.za,Productive
Website,sunshinecashandcarry.co.za,Productive
Website,supaquick.com,Unproductive
Website,supersport.com,Unproductive
Website,superuser.com,Productive
Website,support.amd.com,Unproductive
Website,support.apple.com,Unproductive
Website,support.euphoria.co.za,Unproductive
Website,support.google.com,Productive
Website,support.hp.com,Unproductive
Website,support.lenovo.com,Unproductive
Website,support.microsoft.com,Productive
Website,support.mozilla.org,Productive
Website,support.office.com,Productive
Website,support.rain.co.za,Unproductive
Website,support.skype.com,Productive
Website,suretrading.co.za,Unproductive
Website,survey.alchemer.com,Unproductive
Website,surveymonkey.com,Unproductive
Website,surveys.switchedon.africa,Unproductive
Website,swagbucks.com,Unproductive
Website,switchedon.africa,Unproductive
Website,systemday.com,Productive
Website,tah.co.za,Unproductive
Website,takealot.com,Unproductive
Website,takealot.paygate.co.za,Unproductive
Website,tampermonkey.net,Unproductive
Website,tastetherainbow.top,Unproductive
Website,teams.live.com,Productive
Website,teams.microsoft.com,Productive
Website,teamviewer.com,Productive
Website,tech.co.za,Unproductive
Website,techcommunity.microsoft.com,Productive
Website,techinn.com,Unproductive
Website,techmarkit.co.za,Unproductive
Website,technewstoday.com,Unproductive
Website,techsmith.com,Unproductive
Website,telegram.download-program.ru,Productive
Website,temol.rtholockr.com,Unproductive
Website,temu.com,Unproductive
Website,tenderbulletins.co.za,Productive
Website,tenor.com,Unproductive
Website,tenorshare.net,Neutral
Website,tenthsports.co.za,Unproductive
Website,teoma.co.uk,Unproductive
Website,terrafirma-academy.com,Productive
Website,terratac.co.za,Unproductive
Website,testmyinternetspeed.org,Productive
Website,testrigor.com,Productive
Website,testsigma.com,Productive
Website,tetradeevents.evlink1.net,Unproductive
Website,tevo.co.za,Unproductive
Website,tfg.evlink13.net,Unproductive
Website,thebestpdf.com,Productive
Website,thebillingco-my.sharepoint.com,Neutral
Website,theconversation.com,Unproductive
Website,thecourierguy.co.za,Unproductive
Website,theforumsa.co.za,Unproductive
Website,thefx.group,Unproductive
Website,thefxgroup.co.za,Productive
Website,thehotspringbeach.com,Unproductive
Website,theincorporators.com,Unproductive
Website,theislandnow.com,Unproductive
Website,thelongfuse.com,Unproductive
Website,themattresswarehouse.co.za,Unproductive
Website,themousetrap.com,Unproductive
Website,thenounproject.com,Unproductive
Website,thepiratebay.org,Unproductive
Website,thepiratebay.party,Unproductive
Website,theppra.org.za,Unproductive
Website,theproshop.co.za,Unproductive
Website,therivers.co.za,Productive
Website,thermofisher.com,Unproductive
Website,thesaurus.com,Unproductive
Website,thevapery.co.za,Unproductive
Website,thewindowsclub.com,Unproductive
Website,thinkagile.co.za,Productive
Website,thinklocal.co.za,Unproductive
Website,thrifty.co.za,Unproductive
Website,thungela-my.sharepoint.com,Unproductive
Website,tiautoinvestments.co.za,Unproductive
Website,ticketpros.co.za,Unproductive
Website,tickets.themousetrap.com,Unproductive
Website,tidyfiles.co.za,Unproductive
Website,tiff-to-pdf-converter.com,Productive
Website,tiff2jpg.com,Productive
Website,tiff2pdf.com,Productive
Website,tiktok.com,Unproductive
Website,timebro.de,Unproductive
Website,tip-top-wholesalers.business.site,Productive
Website,tnfd.formjelly.com,Unproductive
Website,tobreatheistowrite.com,Unproductive
Website,tomshardware.com,Unproductive
Website,toolbox.medihelp.co.za,Unproductive
Website,tools.pdf24.org,Productive
Website,tools.sars.gov.za,Unproductive
Website,tools.sodapdf.com,Productive
Website,top10homeremedies.com,Unproductive
Website,topagency.com,Unproductive
Website,topsatspar.co.za,Unproductive
Website,topsecurityza.com,Productive
Website,toshibamail.co.za,Unproductive
Website,toyota.co.za,Unproductive
Website,tp-link.com,Productive
Website,tpbproxypirate.com,Unproductive
Website,tplinkdeco.net,Productive
Website,tplinkwifi.net,Neutral
Website,tr.ee,Productive
Website,track.bobgo.co.za,Unproductive
Website,track.themaccleanup.info,Unproductive
Website,tracks4africa.co.za,Unproductive
Website,trailarent.co.za,Unproductive
Website,trailers.getyarn.io,Unproductive
Website,transcribeme.com,Unproductive
Website,translate-afrikaans.com,Unproductive
Website,translate.com,Unproductive
Website,transnet.net,Productive
Website,transport.gov.za,Productive
Website,trauma24-7.co.za,Unproductive
Website,travel.computicket.com,Unproductive
Website,travel.state.gov,Unproductive
Website,travelground.com,Unproductive
Website,travelstart.co.za,Unproductive
Website,treasury.gov.za,Productive
Website,treasury.nwpg.gov.za,Productive
Website,trencon.co.za,Productive
Website,trentandwesselsbio.replit.app,Neutral
Website,tricentis.com,Productive
Website,tripadvisor.co.za,Unproductive
Website,tripadvisor.com,Unproductive
Website,trontv.com,Unproductive
Website,trss.co.za,Productive
Website,truckbusters.co.za,Productive
Website,truecaller.com,Productive
Website,truehealthmedical.com,Productive
Website,trumpexcel.com,Productive
Website,trust.com,Unproductive
Website,truthaboutweight.global,Unproductive
Website,tsebo.com,Productive
Website,tshwane.gov.za,Productive
Website,tsuifuiwa.muvhango@,Unproductive
Website,tulela.co.za,Unproductive
Website,tuugo.co.za,Productive
Website,twitter.com,Unproductive
Website,twt.co.za,Unproductive
Website,typing.academy,Productive
Website,typingtest.com,Productive
Website,tzaneen.gov.za,Productive
Website,tzaneen.infoisinfo.co.za,Productive
Website,u10571540.ct.sendgrid.net,Productive
Website,u21697717.ct.sendgrid.net,Productive
Website,u23284405.ct.sendgrid.net,Productive
Website,u23390476.ct.sendgrid.net,Productive
Website,u24143151.ct.sendgrid.net,Productive
Website,u30561543.ct.sendgrid.net,Productive
Website,u3346715.ct.sendgrid.net,Productive
Website,uber.com,Unproductive
Website,ubuy.mu,Unproductive
Website,ubuy.za.com,Unproductive
Website,ufiling.labour.gov.za,Unproductive
Website,ugfacts.net,Unproductive
Website,uifecc.labour.gov.za,Productive
Website,uitenhage.healthgroup.co.za,Productive
Website,ulengineering.co.za,Productive
Website,ultimatespecs.com,Unproductive
Website,ultrasa.howler.co.za,Unproductive
Website,ultrasouthafrica.com,Unproductive
Website,umbhaba.biz,Productive
Website,umbhaba.co.za,Productive
Website,undergroundpress.co.za,Unproductive
Website,undoctorenlinea.com,Unproductive
Website,unifrutti.co.za,Productive
Website,unifruttigroup.com,Productive
Website,unikit.co.za,Unproductive
Website,unisa.ac.za,Unproductive
Website,universalkitchens.co.za,Unproductive
Website,unsubscribe.uber.com,Unproductive
Website,up.ac.za,Unproductive
Website,up2staff.com,Unproductive
Website,updates.empmonitor.in,Productive
Website,url.emailprotection.link,Productive
Website,url1683.shop.bobshop.co.za,Unproductive
Website,url7610.myhours.com,Productive
Website,urlshortener.teams.microsoft.com,Productive
Website,us.shein.com,Unproductive
Website,us02web.zoom.us,Productive
Website,usa-ip-address.com,Unproductive
Website,usatoday.com,Unproductive
Website,use.infobelpro.com,Productive
Website,usembassy.gov,Unproductive
Website,utorrent.com,Productive
Website,utweb.rainberrytv.com,Unproductive
Website,utweb.trontv.com,Unproductive
Website,uwc.ac.za,Productive
Website,v3.account.samsung.com,Unproductive
Website,vaaldegrace.com,Unproductive
Website,vaccine.certificate.health.gov.za,Productive
Website,vaccine.enroll.health.gov.za,Productive
Website,vakansieplekkesa.co.za,Unproductive
Website,valueco.co.za,Unproductive
Website,vanheerden.co.za,Unproductive
Website,vanrensburgl672.lt.acemlnb.com,Productive
Website,vapeafrica.co.za,Unproductive
Website,vapebazaar.pk,Unproductive
Website,vapejunction.co.za,Unproductive
Website,vatcalculator.co.za,Productive
Website,vch.co.za,Productive
Website,vcmarketingagent.co.za,Unproductive
Website,vectorstock.com,Unproductive
Website,verifyid.co.za,Productive
Website,verkope.vkb.co.za,Productive
Website,versterinc.com,Unproductive
Website,versus.com,Unproductive
Website,vertex42.com,Unproductive
Website,verywellfit.com,Unproductive
Website,viator.com,Unproductive
Website,videoly.co,Productive
Website,view.officeapps.live.com,Productive
Website,viewpdf.com,Productive
Website,virtucall.co.za,Unproductive
Website,visitgauteng.net,Unproductive
Website,visualcapitalist.com,Unproductive
Website,visualstudio.microsoft.com,Productive
Website,visualvisitor.com,Unproductive
Website,vivagym.co.za,Unproductive
Website,vkb.co.za,Productive
Website,vodalend.vodacombusiness.co.za,Unproductive
Website,voltex.co.za,Unproductive
Website,voptions.binance.com,Unproductive
Website,vozzco.co.za,Unproductive
Website,vuse.com,Unproductive
Website,vw.co.za,Unproductive
Website,vymaps.com,Unproductive
Website,w2.outlook.com,Unproductive
Website,w3schools.com,Unproductive
Website,wa.me,Productive
Website,wantitall.co.za,Unproductive
Website,waterkloofgolfclub.co.za,Unproductive
Website,waze.com,Unproductive
Website,wcaclaimsdata.co.za,Productive
Website,wcadash.co.za,Productive
Website,wcadocuments.co.za,Productive
Website,wcasolutions.co.za,Productive
Website,wcawca.co.za,Productive
Website,wcaworld.com,Productive
Website,wcc.state.ct.us,Productive
Website,wccsolutions.co.za,Unproductive
Website,wcedonline.westerncape.gov.za,Productive
Website,wcofun.net,Unproductive
Website,weather24.news,Unproductive
Website,weathersa.co.za,Unproductive
Website,web.facebook.com,Unproductive
Website,web.pdfsam.org,Productive
Website,web.skynet.co.za,Unproductive
Website,web.whatsapp.com,Unproductive
Website,web02.pol360.co.za,Productive
Website,webafrica.co.za,Unproductive
Website,webapp.placementpartner.com,Unproductive
Website,webapps.daff.gov.za,Productive
Website,webcards.yellowpages.co.za,Unproductive
Website,webmail.axxess.co.za,Productive
Website,webmd.com,Unproductive
Website,webnots.com,Productive
Website,webportunities.net,Unproductive
Website,webroy.co.za,Productive
Website,webscraper.io,Productive
Website,webuycars.co.za,Unproductive
Website,webuyfurniture.co.za,Unproductive
Website,webuyyourcar.co.za,Unproductive
Website,wedorecover.com,Unproductive
Website,wegotu.mtn.co.za,Unproductive
Website,wernerbrushware.co.za,Productive
Website,wernergroup.ca,Productive
Website,westerncape.gov.za,Productive
Website,westerncapegov.custhelp.com,Productive
Website,westfaliafruit.com,Productive
Website,westonis.com.au,Unproductive
Website,westpacklifestyle.co.za,Unproductive
Website,westpacklifestyle.evlink2.net,Unproductive
Website,wetransfer.com,Productive
Website,wgo.soundestlink.com,Unproductive
Website,whatismyipaddress.com,Productive
Website,whatsapp.com,Unproductive
Website,wheniwork.com,Productive
Website,whkdeliveries.co.za,Productive
Website,who.int,Unproductive
Website,wicorp.co.za,Unproductive
Website,wieta.org.za,Productive
Website,wikidiff.com,Productive
Website,wikifixes.com,Productive
Website,wikihow.com,Unproductive
Website,windowscentral.com,Unproductive
Website,winzip.com,Productive
Website,wise.com,Unproductive
Website,wix.com,Unproductive
Website,wkhtmltopdf.org,Productive
Website,woodford.co.za,Unproductive
Website,woodhillestate.co.za,Unproductive
Website,wooltruhealthcarefund.co.za,Unproductive
Website,wootware.co.za,Unproductive
Website,word.tips,Unproductive
Website,wordtune.com,Unproductive
Website,workhorsebronzefoundry.co.za,Productive
Website,workhub.transcribeme.com,Unproductive
Website,workingonfire.org,Productive
Website,workspace.google.com,Productive
Website,worldofcellc.co.za,Unproductive
Website,worldofmeats.co.za,Unproductive
Website,woundwarrior.co.za,Unproductive
Website,wowi.evlink8.net,Unproductive
Website,writingexplained.org,Unproductive
Website,wrsm.co.za,Productive
Website,ws.paygate.co.za,Unproductive
Website,wsj.com,Unproductive
Website,wuhlf.co.za,Productive
Website,ww25.labour.gov.co.za,Productive
Website,wwdev.labour.gov.za,Productive
Website,wwwexpress.com.ph,Unproductive
Website,xbox.com,Unproductive
Website,xco.co.za,Unproductive
Website,xcogroup.co.za,Unproductive
Website,xodo.com,Productive
Website,xtremenutrition.co.za,Unproductive
Website,yahoo.com.au,Unproductive
Website,yamiribandburger.co.za,Unproductive
Website,yellosa.co.za,Productive
Website,yellowpages.co.za,Productive
Website,yep.co.za,Productive
Website,yes4youth.co.za,Unproductive
Website,york.co.za,Unproductive
Website,yougetsignal.com,Productive
Website,youpdf.com,Productive
Website,yourproperty.co.za,Unproductive
Website,yourworld.com,Unproductive
Website,youthvillage.co.za,Unproductive
Website,youtube.com,Unproductive
Website,yr.no,Unproductive
Website,yumpu.com,Unproductive
Website,za-vouchers.co.za,Unproductive
Website,za.africabz.com,Productive
Website,za.edreams.com,Unproductive
Website,za.eu.sp.beautymessage.io,Unproductive
Website,za.indeed.com,Unproductive
Website,za.ixl.com,Unproductive
Website,za.jobelk.com,Unproductive
Website,za.linkedin.com,Productive
Website,za.locale.online,Productive
Website,za.morery.com,Unproductive
Website,za.norton.com,Productive
Website,za.payprop.com,Unproductive
Website,za.pinterest.com,Unproductive
Website,za.placedigger.com,Unproductive
Website,za.rs-online.com,Productive
Website,za.shein.com,Unproductive
Website,za.sunglasshut.com,Unproductive
Website,za.talent.com,Unproductive
Website,za.top10place.com,Unproductive
Website,za.usembassy.gov,Unproductive
Website,za.ypgo.net,Productive
Website,zaapupdates.com,Unproductive
Website,zac.co.za,Productive
Website,zahramunshiattorneynotary.com,Unproductive
Website,zapmeta.co.za,Unproductive
Website,zarecruitment.com,Unproductive
Website,zawya.com,Unproductive
Website,zazzle.com,Unproductive
Website,zerotier.com,Productive
Website,zety.com,Unproductive
Website,zip.softgateon.net,Productive
Website,zipextractor.app,Productive
Website,zoom.us,Productive
Website,zoominfo.com,Productive
Website,zte_1d5851_2.4g,Productive
Website,zwartkopcountryclub.co.za,Unproductive
Website,zwartkopgolfestate.co.za,Unproductive
